Age,Attrition,BusinessTravel,Department,Education,EducationField,Gender,JobSatisfaction,MonthlyIncome,NumCompaniesWorked,PercentSalaryHike,PerformanceRating,RelationshipSatisfaction,TotalWorkingYears,TrainingTimesLastYear,YearsAtCompany,YearsInCurrentRole,YearsWithCurrManager,YearsSinceJoin
32,No,Travel_Frequently,Research & Development,3,Other,Female,2,2743,1,20,4,3,2,2,2,2,2,28
53,No,Travel_Rarely,Sales,2,Marketing,Male,3,2306,2,20,4,4,13,3,7,7,5,33
39,No,Travel_Rarely,Research & Development,1,Medical,Male,1,9991,4,15,3,1,9,5,7,7,7,23
34,No,Travel_Rarely,Sales,3,Technical Degree,Male,3,7083,1,14,3,4,10,3,10,9,6,14
50,No,Travel_Frequently,Research & Development,5,Medical,Male,4,14411,1,13,3,4,32,2,32,6,9,-14
35,No,Travel_Rarely,Sales,4,Life Sciences,Female,4,5204,1,11,3,4,10,2,10,8,9,15
35,No,Travel_Rarely,Research & Development,4,Medical,Female,1,4014,3,15,3,3,4,3,2,2,2,29
56,No,Travel_Rarely,Human Resources,4,Life Sciences,Male,2,19717,6,14,3,1,36,4,7,3,7,13
38,No,Travel_Frequently,Human Resources,4,Other,Male,2,2991,0,11,3,2,7,2,6,2,2,25
39,No,Travel_Rarely,Research & Development,3,Medical,Male,2,5295,4,21,4,3,7,3,5,4,0,27
39,No,Travel_Rarely,Research & Development,2,Life Sciences,Male,3,4534,0,11,3,1,9,6,8,7,7,22
35,No,Travel_Rarely,Sales,4,Life Sciences,Male,4,7823,6,13,3,2,12,2,10,9,8,13
48,No,Travel_Rarely,Research & Development,4,Other,Female,1,2367,8,12,3,4,10,3,8,2,6,30
46,No,Travel_Rarely,Sales,2,Marketing,Female,2,18789,2,14,3,3,26,2,11,4,8,9
19,Yes,Travel_Rarely,Sales,3,Other,Male,2,2121,1,13,3,2,1,3,1,0,0,17
28,No,Travel_Rarely,Sales,1,Medical,Male,2,1052,1,22,4,2,1,5,1,0,0,26
58,No,Travel_Rarely,Sales,3,Life Sciences,Female,4,17875,4,13,3,3,29,2,1,0,0,28
34,No,Travel_Rarely,Research & Development,3,Life Sciences,Female,2,3294,5,17,3,1,7,2,5,4,2,22
47,No,Non-Travel,Sales,4,Marketing,Male,2,4978,7,11,3,4,4,3,1,0,0,42
36,No,Travel_Frequently,Research & Development,1,Medical,Female,4,2153,1,13,3,1,8,2,8,1,7,20
33,Yes,Travel_Rarely,Research & Development,4,Other,Male,4,2686,1,13,3,3,10,2,10,9,8,13
34,No,Travel_Rarely,Research & Development,3,Life Sciences,Male,2,2008,1,14,3,2,1,3,1,0,0,32
32,No,Travel_Rarely,Research & Development,4,Medical,Female,1,6725,1,12,3,3,8,2,8,7,3,16
31,No,Travel_Rarely,Sales,4,Life Sciences,Male,3,2329,3,15,3,2,13,2,7,7,2,11
26,No,Travel_Rarely,Human Resources,1,Life Sciences,Female,3,2942,1,23,4,4,8,3,8,7,7,10
28,No,Travel_Rarely,Research & Development,2,Life Sciences,Female,4,3310,1,21,4,4,5,3,5,3,2,18
40,No,Travel_Rarely,Research & Development,3,Life Sciences,Female,1,4448,2,12,3,2,15,3,7,4,7,18
47,No,Travel_Frequently,Sales,1,Medical,Male,3,2976,3,19,3,1,5,3,0,0,0,42
34,No,Travel_Rarely,Sales,3,Marketing,Female,3,6712,1,21,4,4,8,2,8,7,7,18
28,No,Travel_Rarely,Sales,4,Life Sciences,Male,4,5253,1,16,3,4,7,1,7,5,7,14
43,No,Travel_Rarely,Research & Development,3,Life Sciences,Female,2,4765,4,21,4,3,4,2,1,0,0,38
33,No,Travel_Rarely,Research & Development,3,Medical,Female,2,2756,1,13,3,4,8,5,8,7,6,17
22,Yes,Travel_Rarely,Research & Development,1,Medical,Female,1,2398,1,17,3,3,1,6,1,0,0,20
46,Yes,Travel_Rarely,Sales,3,Life Sciences,Female,2,7314,5,21,4,3,14,2,8,7,7,24
44,Yes,Travel_Rarely,Human Resources,2,Medical,Male,1,10482,9,14,3,4,24,1,20,6,6,0
30,No,Travel_Rarely,Research & Development,1,Life Sciences,Male,4,2862,1,12,3,2,10,2,10,0,8,10
40,No,Travel_Frequently,Research & Development,4,Medical,Female,3,13499,9,17,3,3,20,3,18,7,13,2
44,No,Travel_Frequently,Sales,5,Marketing,Female,3,4768,7,12,3,3,11,4,1,0,0,32
29,No,Travel_Rarely,Human Resources,3,Other,Male,1,7988,1,13,3,1,10,3,10,9,9,9
51,No,Travel_Rarely,Sales,2,Life Sciences,Female,4,4936,4,11,3,3,18,2,7,7,7,26
46,No,Travel_Rarely,Research & Development,4,Life Sciences,Male,2,5562,6,14,3,4,19,3,10,7,9,17
20,No,Travel_Rarely,Research & Development,3,Life Sciences,Female,2,2836,1,13,3,4,1,0,1,0,0,18
40,No,Travel_Rarely,Research & Development,4,Life Sciences,Male,3,2809,2,14,3,4,8,2,2,2,2,30
25,Yes,Travel_Rarely,Sales,2,Marketing,Male,2,2413,1,18,3,3,1,2,1,0,0,23
31,No,Travel_Rarely,Research & Development,1,Life Sciences,Male,3,2911,1,17,3,4,5,1,5,2,3,21
32,No,Travel_Rarely,Research & Development,1,Life Sciences,Male,1,2956,1,13,3,4,1,2,1,0,0,30
31,No,Travel_Rarely,Research & Development,4,Life Sciences,Male,4,2356,3,19,3,2,8,2,6,4,2,17
40,Yes,Travel_Rarely,Sales,2,Marketing,Male,3,6380,2,12,3,1,8,6,6,4,0,26
35,Yes,Travel_Rarely,Sales,2,Medical,Male,4,5440,6,14,3,4,7,2,2,2,2,26
50,No,Travel_Frequently,Research & Development,5,Medical,Male,3,11245,2,15,3,3,32,3,30,8,13,-12
40,Yes,Travel_Rarely,Sales,4,Marketing,Male,2,9094,2,12,3,3,9,2,5,4,0,26
32,No,Travel_Rarely,Sales,4,Life Sciences,Male,4,4403,2,11,3,3,8,3,5,2,3,19
34,No,Travel_Frequently,Research & Development,4,Life Sciences,Female,4,2553,1,16,3,3,6,3,5,2,3,23
50,No,Travel_Rarely,Research & Development,3,Life Sciences,Male,4,2380,4,18,3,2,8,5,1,0,0,41
33,No,Travel_Rarely,Research & Development,3,Medical,Male,4,2496,4,11,3,4,7,3,1,1,0,25
30,No,Travel_Rarely,Human Resources,3,Human Resources,Male,4,6347,0,19,3,4,12,2,11,9,7,7
50,No,Travel_Rarely,Research & Development,3,Medical,Male,3,17639,5,16,3,4,30,3,4,3,3,16
26,No,Travel_Frequently,Sales,3,Medical,Male,1,4294,1,12,3,2,7,2,7,7,7,12
27,No,Travel_Rarely,Sales,2,Medical,Female,3,6500,0,14,3,2,9,5,8,7,7,10
26,No,Travel_Rarely,Research & Development,2,Life Sciences,Female,3,2933,1,13,3,3,1,3,1,0,0,24
45,No,Travel_Rarely,Research & Development,3,Other,Male,4,19202,0,11,3,3,25,2,24,0,7,-4
27,No,Travel_Rarely,Research & Development,3,Life Sciences,Male,2,6142,1,20,4,2,6,0,6,2,3,15
31,Yes,Travel_Frequently,Sales,4,Marketing,Male,4,5617,1,11,3,3,10,4,10,7,8,11
27,No,Travel_Rarely,Sales,3,Life Sciences,Male,3,4478,1,11,3,1,5,3,5,4,4,17
41,No,Travel_Rarely,Sales,3,Marketing,Female,2,4393,5,21,4,3,14,3,5,4,4,22
58,No,Non-Travel,Sales,3,Medical,Male,2,16291,4,22,4,4,37,0,16,9,14,5
34,No,Travel_Rarely,Research & Development,3,Medical,Female,1,11631,2,12,3,4,14,6,11,10,8,9
38,Yes,Travel_Rarely,Research & Development,1,Medical,Male,1,6673,7,19,3,2,17,2,1,0,0,20
48,No,Travel_Rarely,Research & Development,4,Life Sciences,Female,1,15402,7,11,3,1,21,3,3,2,2,24
33,No,Non-Travel,Sales,3,Life Sciences,Male,3,17444,1,11,3,4,10,2,10,8,0,13
44,No,Travel_Rarely,Research & Development,3,Life Sciences,Male,2,3420,1,13,3,3,6,3,5,2,3,33
47,No,Travel_Rarely,Sales,2,Life Sciences,Female,4,4163,1,17,3,3,9,0,9,0,7,29
48,No,Travel_Rarely,Research & Development,2,Technical Degree,Male,2,2559,5,11,3,3,7,4,1,0,0,40
45,Yes,Travel_Rarely,Sales,3,Marketing,Female,2,18824,2,16,3,1,26,2,24,10,11,-5
51,No,Travel_Rarely,Research & Development,3,Technical Degree,Female,3,13116,2,11,3,4,15,2,2,2,2,34
22,No,Non-Travel,Research & Development,2,Other,Female,3,2814,1,14,3,2,4,2,4,2,3,14
27,No,Travel_Rarely,Research & Development,3,Medical,Female,4,3445,1,11,3,3,6,5,6,2,4,15
38,No,Travel_Rarely,Research & Development,1,Life Sciences,Female,3,8823,0,18,3,1,20,4,19,9,9,-1
33,Yes,Travel_Rarely,Sales,3,Life Sciences,Female,1,8564,2,20,4,3,11,2,0,0,0,22
50,No,Travel_Rarely,Research & Development,5,Life Sciences,Female,1,13269,5,15,3,3,19,3,14,11,11,17
32,Yes,Travel_Rarely,Research & Development,4,Life Sciences,Male,4,2795,1,24,4,3,1,2,1,0,1,30
39,No,Travel_Rarely,Research & Development,5,Medical,Male,1,5377,2,13,3,4,10,3,7,7,7,22
28,No,Travel_Rarely,Research & Development,3,Medical,Female,1,4877,0,21,4,2,6,5,5,3,0,17
44,No,Travel_Rarely,Research & Development,4,Medical,Female,4,10248,3,14,3,4,24,4,22,6,17,-2
30,No,Non-Travel,Research & Development,3,Medical,Female,4,2564,0,14,3,3,12,2,11,7,7,7
38,No,Travel_Rarely,Research & Development,2,Life Sciences,Male,4,11510,0,14,3,2,12,3,11,10,9,15
36,No,Travel_Rarely,Research & Development,2,Life Sciences,Female,4,2835,5,22,4,1,7,2,1,0,0,28
34,No,Travel_Frequently,Research & Development,1,Life Sciences,Male,3,9547,1,17,3,3,10,2,10,9,9,14
45,No,Travel_Rarely,Research & Development,3,Medical,Male,1,10851,2,18,3,2,24,2,7,7,7,14
34,No,Travel_Rarely,Sales,3,Marketing,Female,1,4538,0,12,3,4,4,3,3,2,2,27
20,Yes,Travel_Rarely,Research & Development,3,Technical Degree,Male,1,2973,1,19,3,2,1,2,1,0,0,18
24,No,Travel_Rarely,Research & Development,3,Medical,Male,4,2725,1,11,3,2,6,3,6,5,4,12
39,No,Travel_Frequently,Research & Development,3,Medical,Female,1,10880,1,13,3,3,21,2,21,6,8,-3
58,No,Travel_Rarely,Research & Development,3,Medical,Female,2,3346,4,20,4,2,9,3,1,0,0,48
31,No,Travel_Frequently,Research & Development,3,Life Sciences,Male,1,5003,1,21,4,2,10,6,10,8,7,11
50,No,Travel_Rarely,Research & Development,4,Life Sciences,Male,3,17046,0,15,3,2,28,2,27,10,7,-5
24,Yes,Travel_Rarely,Sales,2,Life Sciences,Female,3,4577,9,14,3,1,4,3,2,2,0,18
55,No,Non-Travel,Research & Development,1,Medical,Male,1,16756,7,15,3,2,31,3,9,7,2,15
46,No,Travel_Rarely,Research & Development,4,Technical Degree,Male,4,7379,2,11,3,3,12,3,6,3,4,28
26,Yes,Travel_Frequently,Research & Development,1,Technical Degree,Male,1,3102,0,22,4,3,7,2,6,4,4,13
40,No,Travel_Frequently,Research & Development,2,Medical,Female,4,4422,3,13,3,4,16,3,1,1,0,23
27,No,Travel_Rarely,Research & Development,4,Technical Degree,Female,2,2811,9,14,3,2,4,2,2,2,2,21
31,No,Travel_Rarely,Research & Development,1,Life Sciences,Male,2,10648,1,25,4,4,13,6,13,8,8,5
32,No,Travel_Rarely,Sales,2,Life Sciences,Female,2,3931,2,11,3,1,6,5,4,3,2,22
34,Yes,Travel_Rarely,Human Resources,4,Technical Degree,Female,3,2742,1,15,3,4,2,0,2,2,2,30
46,No,Travel_Rarely,Sales,4,Marketing,Female,1,18947,3,12,3,4,22,2,2,2,1,22
45,No,Travel_Rarely,Sales,2,Life Sciences,Female,1,5006,4,11,3,1,9,3,5,4,3,31
55,No,Travel_Rarely,Sales,5,Marketing,Male,4,19586,1,21,4,3,36,3,36,6,13,-17
46,No,Travel_Rarely,Sales,3,Life Sciences,Female,2,16606,8,12,3,4,23,2,13,12,1,10
28,No,Travel_Rarely,Sales,3,Medical,Male,1,8463,0,18,3,4,6,4,5,4,3,17
60,No,Travel_Rarely,Sales,4,Marketing,Male,1,5405,8,14,3,4,10,1,2,2,2,48
38,No,Travel_Rarely,Sales,2,Life Sciences,Female,4,5343,1,11,3,3,10,1,10,7,9,18
29,No,Travel_Rarely,Research & Development,3,Life Sciences,Male,4,6623,1,11,3,2,6,2,6,0,0,17
31,No,Non-Travel,Sales,2,Marketing,Female,3,6932,1,13,3,4,9,2,9,8,0,13
37,Yes,Travel_Rarely,Research & Development,4,Medical,Male,1,4213,1,15,3,2,10,4,10,3,8,17
23,No,Travel_Rarely,Research & Development,3,Medical,Male,1,2819,2,16,3,1,5,3,3,2,2,15
33,No,Travel_Frequently,Sales,3,Marketing,Male,4,4682,3,14,3,3,9,6,7,7,1,17
49,No,Travel_Rarely,Research & Development,1,Life Sciences,Female,3,13966,2,19,3,2,30,3,15,11,12,4
34,No,Travel_Rarely,Research & Development,3,Life Sciences,Female,2,5433,1,12,3,3,11,2,11,8,9,12
47,No,Non-Travel,Research & Development,4,Technical Degree,Male,2,5467,8,18,3,3,16,4,8,7,7,23
45,No,Travel_Rarely,Research & Development,2,Life Sciences,Female,4,5906,0,13,3,4,10,2,9,8,8,26
50,No,Non-Travel,Sales,3,Life Sciences,Female,3,6347,0,12,3,1,19,3,18,7,13,13
33,No,Travel_Rarely,Sales,4,Marketing,Male,3,7104,0,12,3,4,6,3,5,0,2,22
32,No,Non-Travel,Research & Development,4,Technical Degree,Male,1,4087,4,14,3,2,9,3,6,5,2,17
48,No,Travel_Rarely,Sales,1,Marketing,Male,2,8120,3,12,3,4,12,3,2,2,2,34
34,No,Travel_Rarely,Research & Development,2,Medical,Female,3,6142,3,11,3,4,10,2,5,1,3,19
44,Yes,Travel_Rarely,Research & Development,3,Medical,Female,4,7978,1,11,3,4,10,2,10,7,5,24
30,No,Travel_Rarely,Research & Development,4,Medical,Female,1,11916,1,23,4,4,9,2,9,1,8,12
35,No,Non-Travel,Research & Development,4,Life Sciences,Female,3,4148,1,12,3,4,15,5,14,11,9,6
36,No,Travel_Frequently,Research & Development,4,Life Sciences,Male,4,3688,4,18,3,4,4,2,1,0,0,31
26,No,Travel_Rarely,Research & Development,2,Medical,Male,4,5472,1,12,3,2,8,2,8,7,3,10
38,No,Travel_Rarely,Sales,2,Medical,Female,1,5605,1,24,4,3,8,3,8,0,7,22
43,No,Travel_Rarely,Sales,3,Medical,Male,4,7847,1,17,3,1,10,3,10,9,8,23
24,Yes,Travel_Frequently,Research & Development,3,Life Sciences,Female,3,2886,1,16,3,4,6,4,6,3,2,12
40,No,Travel_Frequently,Sales,4,Life Sciences,Male,1,10475,5,21,4,3,20,2,18,13,12,2
30,No,Non-Travel,Research & Development,3,Medical,Male,1,3072,1,11,3,3,12,4,12,9,10,6
33,No,Travel_Rarely,Sales,4,Life Sciences,Male,1,6392,2,13,3,4,8,6,2,2,2,23
34,No,Travel_Rarely,Research & Development,4,Other,Female,3,4809,1,14,3,3,16,3,16,13,10,2
18,No,Travel_Rarely,Sales,3,Medical,Female,3,1200,1,12,3,1,0,2,0,0,0,18
32,No,Travel_Rarely,Sales,3,Life Sciences,Male,3,9610,3,13,3,3,10,2,4,3,2,18
55,No,Travel_Rarely,Research & Development,2,Medical,Female,3,19187,4,14,3,4,23,5,19,9,11,13
39,No,Travel_Rarely,Human Resources,3,Human Resources,Female,2,6389,9,15,3,3,12,3,8,3,6,19
22,No,Travel_Rarely,Research & Development,1,Life Sciences,Male,1,2451,1,15,3,1,4,3,4,3,1,14
45,No,Travel_Frequently,Research & Development,4,Life Sciences,Male,3,6434,4,17,3,4,9,1,3,2,2,33
45,No,Travel_Rarely,Research & Development,4,Technical Degree,Male,2,7441,1,12,3,1,10,4,10,8,7,25
40,Yes,Travel_Rarely,Research & Development,3,Life Sciences,Male,1,2166,3,14,3,2,10,3,4,2,3,26
35,No,Travel_Rarely,Research & Development,4,Life Sciences,Male,4,6646,1,13,3,2,17,3,17,11,8,1
29,No,Travel_Rarely,Sales,3,Medical,Male,2,4187,1,13,3,2,10,3,10,0,9,9
36,No,Travel_Rarely,Research & Development,4,Other,Male,4,4678,2,18,3,3,8,6,6,2,1,22
27,No,Travel_Frequently,Sales,1,Medical,Female,4,4647,1,20,4,2,6,3,6,5,4,15
33,No,Travel_Rarely,Human Resources,3,Human Resources,Male,3,3600,1,13,3,4,5,2,5,4,4,23
37,Yes,Travel_Rarely,Sales,4,Life Sciences,Male,3,10609,5,11,3,3,17,2,14,1,7,6
27,No,Travel_Rarely,Research & Development,3,Technical Degree,Male,2,3058,0,16,3,4,6,3,5,2,1,16
56,No,Non-Travel,Research & Development,4,Life Sciences,Male,3,6306,1,21,4,1,13,2,13,12,9,30
33,No,Travel_Rarely,Sales,4,Marketing,Male,3,5487,1,14,3,2,10,2,10,4,9,13
53,No,Travel_Rarely,Sales,3,Marketing,Male,4,11836,5,14,3,3,28,3,2,0,2,23
30,No,Travel_Rarely,Sales,3,Technical Degree,Female,3,6577,0,11,3,2,6,6,5,4,4,19
43,No,Travel_Frequently,Research & Development,4,Life Sciences,Female,3,5257,1,11,3,2,9,3,9,7,0,25
27,No,Travel_Rarely,Research & Development,4,Life Sciences,Female,1,2341,1,13,3,4,1,6,1,0,0,25
21,No,Travel_Rarely,Research & Development,1,Medical,Male,4,3117,1,18,3,3,3,2,2,2,2,16
53,No,Travel_Rarely,Research & Development,3,Life Sciences,Male,3,14814,3,19,3,3,32,3,5,1,3,16
29,Yes,Travel_Rarely,Research & Development,4,Other,Male,1,2119,1,11,3,4,7,4,7,7,7,15
27,No,Travel_Frequently,Research & Development,1,Technical Degree,Male,1,4298,5,19,3,3,6,1,2,2,0,19
42,No,Travel_Rarely,Research & Development,4,Other,Male,4,6781,3,23,4,2,14,6,1,0,0,27
30,Yes,Travel_Frequently,Sales,4,Marketing,Female,1,6696,5,15,3,3,9,5,6,3,1,15
25,No,Travel_Rarely,Sales,1,Life Sciences,Male,3,6232,2,11,3,2,6,3,3,2,2,16
37,No,Non-Travel,Research & Development,2,Life Sciences,Male,4,5163,5,14,3,4,17,2,1,0,0,19
34,No,Travel_Rarely,Sales,1,Life Sciences,Female,3,5714,1,20,4,1,6,3,6,5,3,22
36,No,Travel_Rarely,Research & Development,2,Medical,Male,2,8847,2,11,3,3,13,2,3,2,2,20
24,No,Travel_Rarely,Sales,2,Other,Female,3,4999,0,21,4,1,4,2,3,2,2,17
38,No,Non-Travel,Sales,2,Life Sciences,Male,4,5249,3,18,3,4,13,0,8,7,5,17
44,No,Travel_Rarely,Research & Development,1,Life Sciences,Female,4,2011,1,13,3,4,10,5,10,5,7,24
28,No,Non-Travel,Sales,3,Medical,Male,3,4221,1,15,3,2,5,3,5,4,4,18
45,No,Non-Travel,Sales,4,Life Sciences,Female,3,5593,1,13,3,4,15,2,15,10,12,15
44,Yes,Travel_Rarely,Research & Development,3,Life Sciences,Male,1,2362,4,12,3,3,10,4,3,2,2,31
29,No,Travel_Rarely,Research & Development,3,Life Sciences,Female,4,3760,1,15,3,1,3,5,3,2,2,23
35,No,Non-Travel,Research & Development,3,Life Sciences,Male,3,1281,1,18,3,3,1,3,1,0,0,33
27,No,Travel_Rarely,Research & Development,3,Medical,Female,2,2279,1,16,3,4,7,2,7,7,3,13
58,Yes,Travel_Rarely,Research & Development,4,Medical,Female,1,10008,7,14,3,4,31,0,10,9,9,17
24,Yes,Travel_Frequently,Research & Development,3,Medical,Male,1,3172,2,11,3,3,4,2,0,0,0,20
31,No,Travel_Frequently,Sales,4,Other,Male,1,5332,7,13,3,4,10,3,5,2,3,16
26,Yes,Travel_Rarely,Research & Development,4,Medical,Male,2,2373,2,13,3,4,5,2,3,2,2,18
37,No,Non-Travel,Research & Development,4,Medical,Female,4,13603,2,18,3,1,15,2,5,2,2,17
27,No,Travel_Rarely,Research & Development,3,Life Sciences,Female,3,2318,1,19,3,3,1,2,1,1,0,25
45,No,Travel_Frequently,Research & Development,4,Medical,Male,3,5399,4,12,3,3,12,3,4,2,3,29
35,No,Travel_Frequently,Sales,3,Marketing,Female,3,8789,1,14,3,1,10,3,10,7,8,15
43,No,Travel_Rarely,Research & Development,3,Medical,Female,3,4081,1,14,3,1,20,3,20,7,8,3
46,Yes,Travel_Rarely,Sales,3,Marketing,Male,4,10096,4,11,3,1,28,1,7,7,3,11
27,No,Travel_Frequently,Sales,3,Life Sciences,Male,3,8726,1,15,3,4,9,0,9,8,7,9
42,No,Travel_Rarely,Research & Development,4,Life Sciences,Male,1,5410,6,17,3,3,9,3,4,3,2,29
32,No,Non-Travel,Research & Development,3,Life Sciences,Female,2,2332,6,20,4,3,5,3,3,0,2,24
32,No,Travel_Rarely,Research & Development,5,Life Sciences,Male,3,3038,3,20,4,1,8,2,5,4,4,19
41,No,Travel_Rarely,Research & Development,4,Life Sciences,Male,4,4766,3,11,3,1,6,4,1,0,0,34
27,No,Travel_Frequently,Research & Development,2,Life Sciences,Male,1,8793,1,21,4,3,9,4,9,7,7,9
28,Yes,Travel_Frequently,Sales,3,Technical Degree,Male,3,2909,3,15,3,4,5,3,3,2,2,20
27,No,Travel_Rarely,Research & Development,2,Life Sciences,Female,1,7412,1,11,3,4,9,3,9,7,7,9
45,No,Travel_Rarely,Research & Development,2,Medical,Male,4,13496,0,14,3,2,21,2,20,7,10,4
29,Yes,Travel_Rarely,Sales,1,Life Sciences,Female,1,7336,1,13,3,1,11,3,11,8,10,7
31,No,Non-Travel,Research & Development,3,Medical,Male,1,9936,0,19,3,2,10,2,9,4,7,12
31,No,Travel_Rarely,Sales,3,Marketing,Male,4,7547,4,12,3,4,13,3,7,7,7,11
48,No,Travel_Rarely,Research & Development,3,Life Sciences,Male,4,18265,6,12,3,3,25,3,1,0,0,22
34,No,Travel_Rarely,Research & Development,5,Life Sciences,Female,1,5121,3,14,3,3,7,3,0,0,0,27
55,No,Travel_Rarely,Research & Development,4,Technical Degree,Male,4,2662,8,20,4,2,19,2,5,2,4,31
25,No,Travel_Rarely,Sales,1,Marketing,Male,1,4256,1,12,3,1,5,1,5,2,3,15
27,No,Travel_Rarely,Sales,3,Marketing,Female,4,5769,1,11,3,4,6,3,6,2,4,15
36,No,Travel_Rarely,Research & Development,3,Life Sciences,Male,4,3210,0,11,3,3,16,4,15,13,11,5
35,Yes,Travel_Rarely,Sales,3,Technical Degree,Male,1,9582,0,22,4,1,9,2,8,7,7,18
35,No,Travel_Rarely,Research & Development,4,Life Sciences,Male,2,6540,9,19,3,3,10,5,1,1,0,24
28,No,Travel_Rarely,Research & Development,1,Life Sciences,Male,2,3201,0,17,3,1,6,2,5,3,4,17
38,No,Travel_Rarely,Sales,3,Life Sciences,Male,3,10609,0,12,3,3,17,6,16,10,13,5
35,No,Travel_Frequently,Sales,5,Life Sciences,Male,1,9069,1,22,4,4,9,3,9,8,8,17
44,No,Travel_Rarely,Research & Development,4,Other,Male,4,6465,2,13,3,4,9,5,4,2,3,31
55,No,Travel_Rarely,Research & Development,3,Medical,Male,1,19038,8,12,3,2,34,2,1,0,0,20
54,No,Travel_Rarely,Research & Development,4,Life Sciences,Female,3,3780,7,11,3,3,19,3,1,0,0,34
21,Yes,Travel_Rarely,Research & Development,3,Life Sciences,Female,1,1416,1,13,3,1,1,6,1,0,0,19
40,No,Travel_Rarely,Research & Development,4,Life Sciences,Female,3,2213,3,13,3,3,10,3,7,7,7,23
36,No,Travel_Rarely,Research & Development,3,Technical Degree,Female,3,10096,1,13,3,2,17,2,17,14,8,2
46,No,Travel_Rarely,Research & Development,2,Medical,Male,3,10845,6,13,3,2,13,3,8,7,7,25
51,No,Travel_Rarely,Research & Development,3,Life Sciences,Male,4,2723,1,11,3,2,1,0,1,0,0,49
38,No,Travel_Rarely,Research & Development,1,Life Sciences,Female,1,2619,3,17,3,4,8,3,0,0,0,30
51,No,Travel_Rarely,Research & Development,3,Medical,Male,2,5482,5,18,3,4,13,3,4,1,2,34
34,No,Travel_Rarely,Research & Development,4,Life Sciences,Male,1,5957,6,13,3,2,13,3,11,9,9,10
36,No,Travel_Rarely,Research & Development,3,Life Sciences,Male,2,2013,2,11,3,3,15,4,4,3,3,17
59,No,Travel_Rarely,Research & Development,3,Life Sciences,Male,4,2177,3,17,3,1,7,6,1,0,0,51
34,No,Travel_Rarely,Research & Development,3,Medical,Male,3,4404,2,12,3,1,6,3,4,3,2,24
47,No,Travel_Rarely,Research & Development,3,Medical,Male,3,8633,2,23,4,2,25,3,17,14,11,5
25,Yes,Travel_Rarely,Sales,3,Marketing,Male,3,5744,1,11,3,4,6,1,6,4,3,13
58,Yes,Travel_Rarely,Research & Development,4,Life Sciences,Male,2,19246,7,12,3,4,40,2,31,15,8,-13
56,No,Travel_Rarely,Research & Development,2,Life Sciences,Female,1,2066,2,22,4,4,5,3,3,2,0,48
38,Yes,Travel_Rarely,Research & Development,3,Medical,Male,2,4855,4,11,3,1,7,2,5,2,4,26
34,No,Travel_Frequently,Research & Development,3,Medical,Male,1,17007,7,14,3,4,16,3,14,8,9,4
37,Yes,Travel_Frequently,Research & Development,3,Medical,Male,3,10048,6,11,3,2,17,5,1,0,0,19
29,No,Travel_Frequently,Research & Development,1,Life Sciences,Female,2,3180,0,13,3,3,4,3,3,2,2,22
40,No,Travel_Rarely,Sales,2,Life Sciences,Female,1,4639,1,15,3,3,5,2,5,4,2,30
31,Yes,Travel_Rarely,Research & Development,3,Life Sciences,Female,2,1261,1,12,3,3,1,3,1,0,0,29
38,No,Travel_Frequently,Research & Development,2,Life Sciences,Male,4,1702,1,23,4,3,1,3,1,0,0,36
38,No,Travel_Rarely,Research & Development,5,Technical Degree,Female,3,4317,3,20,4,2,19,2,3,2,2,16
45,No,Non-Travel,Research & Development,2,Life Sciences,Male,1,3633,1,15,3,3,9,2,9,8,8,27
32,No,Non-Travel,Sales,4,Marketing,Male,4,4465,0,18,3,1,4,2,3,2,2,25
37,No,Travel_Rarely,Research & Development,3,Life Sciences,Female,4,2115,1,12,3,2,17,3,17,12,7,3
30,No,Travel_Rarely,Research & Development,3,Life Sciences,Female,3,2632,1,14,3,3,5,4,5,4,4,20
29,Yes,Travel_Rarely,Sales,3,Marketing,Female,4,7639,1,22,4,4,10,3,10,4,9,9
30,No,Non-Travel,Sales,4,Other,Female,1,8412,0,11,3,3,10,3,9,8,8,11
36,No,Travel_Rarely,Research & Development,2,Life Sciences,Male,1,6842,6,20,4,1,13,3,5,4,4,18
26,Yes,Travel_Rarely,Research & Development,3,Medical,Male,3,2377,1,20,4,3,1,0,1,1,0,24
33,No,Travel_Frequently,Research & Development,3,Life Sciences,Male,4,7725,3,23,4,3,15,2,13,11,7,5
59,No,Travel_Rarely,Human Resources,2,Medical,Male,3,2267,8,17,3,4,7,2,2,2,2,50
30,No,Non-Travel,Sales,2,Technical Degree,Female,3,4736,7,12,3,2,4,2,2,2,2,24
45,No,Travel_Rarely,Research & Development,3,Technical Degree,Male,4,2132,4,20,4,4,8,3,5,4,3,32
39,No,Travel_Rarely,Research & Development,4,Technical Degree,Female,3,4553,1,11,3,1,20,4,20,7,10,-1
48,No,Travel_Rarely,Research & Development,3,Life Sciences,Male,2,19665,4,12,3,4,29,3,22,10,9,-3
34,No,Travel_Rarely,Sales,2,Medical,Female,1,6125,1,12,3,4,10,6,10,8,6,14
38,No,Travel_Rarely,Research & Development,2,Life Sciences,Male,4,4771,2,19,3,4,10,0,5,2,3,23
38,No,Travel_Rarely,Sales,3,Life Sciences,Male,1,2858,4,14,3,1,20,3,1,0,0,17
53,No,Travel_Rarely,Research & Development,3,Medical,Male,2,16598,4,12,3,2,35,2,9,8,8,9
37,No,Travel_Rarely,Research & Development,3,Life Sciences,Male,1,3564,1,12,3,1,8,3,8,7,7,21
31,Yes,Travel_Frequently,Research & Development,5,Life Sciences,Female,2,7446,1,11,3,1,10,2,10,8,7,11
53,No,Travel_Rarely,Sales,2,Medical,Male,3,14852,6,13,3,3,22,3,17,13,2,14
22,No,Travel_Rarely,Research & Development,2,Life Sciences,Male,3,3375,0,12,3,4,4,2,3,2,2,15
31,No,Travel_Frequently,Sales,4,Marketing,Female,1,9637,2,14,3,4,9,3,3,2,2,19
34,No,Travel_Rarely,Research & Development,3,Life Sciences,Female,4,2929,1,12,3,2,10,3,10,9,7,14
41,No,Travel_Rarely,Research & Development,3,Life Sciences,Male,4,2782,3,22,4,1,12,3,5,3,0,24
32,No,Travel_Rarely,Research & Development,2,Medical,Female,3,5175,5,12,3,3,9,3,5,3,3,18
46,No,Travel_Rarely,Sales,3,Marketing,Female,1,17048,8,23,4,1,28,2,26,15,9,-8
60,No,Travel_Rarely,Research & Development,3,Life Sciences,Female,1,19566,5,11,3,4,33,5,29,8,10,-2
32,No,Non-Travel,Research & Development,3,Life Sciences,Male,4,2314,0,12,3,2,4,2,3,0,2,25
36,No,Travel_Rarely,Sales,4,Life Sciences,Female,3,6815,6,13,3,1,15,5,1,0,0,20
60,No,Travel_Frequently,Sales,3,Marketing,Female,1,10266,4,19,3,4,22,5,18,13,11,20
47,No,Travel_Rarely,Research & Development,2,Other,Female,4,16752,1,11,3,3,26,3,26,14,0,-5
21,Yes,Travel_Rarely,Sales,3,Life Sciences,Female,2,2716,1,15,3,4,1,0,1,0,0,19
40,No,Travel_Rarely,Sales,2,Marketing,Female,2,5677,3,14,3,3,15,4,11,8,10,14
43,No,Travel_Rarely,Sales,3,Medical,Male,4,10798,5,13,3,3,18,5,1,0,0,24
42,No,Travel_Rarely,Research & Development,3,Medical,Male,2,2766,8,22,4,2,7,6,5,3,4,30
42,No,Travel_Rarely,Research & Development,3,Medical,Female,1,2593,0,11,3,3,10,4,9,6,8,23
23,Yes,Travel_Rarely,Research & Development,1,Medical,Male,3,3989,1,11,3,1,5,2,5,4,2,13
32,No,Travel_Rarely,Research & Development,4,Life Sciences,Female,2,2837,1,13,3,3,6,3,6,2,1,20
58,No,Travel_Frequently,Research & Development,4,Life Sciences,Male,3,15787,2,14,3,2,23,3,2,2,2,33
38,No,Travel_Rarely,Research & Development,3,Life Sciences,Male,4,3944,5,11,3,3,6,3,3,2,2,29
36,No,Travel_Rarely,Research & Development,3,Life Sciences,Male,1,8321,7,13,3,4,15,1,12,8,7,9
24,No,Travel_Rarely,Sales,1,Medical,Female,3,4162,1,12,3,3,5,3,5,4,3,14
33,No,Travel_Rarely,Research & Development,3,Life Sciences,Male,4,7119,4,15,3,3,9,2,3,2,2,21
24,No,Travel_Rarely,Research & Development,2,Technical Degree,Male,1,2296,0,14,3,2,2,3,1,1,0,21
26,No,Travel_Rarely,Research & Development,4,Medical,Male,3,2305,1,15,3,3,3,3,3,2,2,20
25,Yes,Travel_Rarely,Sales,2,Life Sciences,Male,1,4400,3,12,3,1,6,2,3,2,2,16
59,No,Non-Travel,Human Resources,4,Human Resources,Female,4,18844,9,21,4,4,30,3,3,2,2,26
30,No,Travel_Frequently,Research & Development,2,Medical,Female,4,4011,1,23,4,4,12,2,12,8,7,6
34,No,Travel_Rarely,Sales,4,Medical,Male,3,8628,1,18,3,3,9,2,8,7,1,17
34,No,Travel_Rarely,Research & Development,5,Life Sciences,Male,4,2691,1,12,3,4,10,4,10,9,8,14
31,Yes,Travel_Frequently,Research & Development,2,Medical,Male,2,3479,0,11,3,2,6,2,5,4,4,20
29,No,Travel_Rarely,Research & Development,1,Medical,Male,4,5056,1,15,3,3,10,2,10,7,2,9
42,No,Travel_Rarely,Research & Development,3,Medical,Male,4,4272,4,19,3,1,16,3,1,0,0,25
52,No,Travel_Rarely,Research & Development,4,Life Sciences,Male,3,19999,0,14,3,1,34,5,33,18,9,-15
32,No,Travel_Rarely,Sales,1,Marketing,Male,2,4078,0,13,3,1,4,3,3,2,2,25
55,Yes,Travel_Rarely,Research & Development,3,Medical,Male,1,19859,5,13,3,4,24,2,5,2,4,26
26,No,Travel_Frequently,Research & Development,3,Other,Male,4,2544,0,18,3,1,8,3,7,7,7,11
27,No,Travel_Rarely,Research & Development,1,Technical Degree,Male,4,12808,1,16,3,2,9,3,9,8,8,9
38,No,Travel_Rarely,Research & Development,3,Life Sciences,Female,3,7861,4,14,3,4,10,4,1,0,0,27
31,No,Non-Travel,Sales,4,Life Sciences,Female,3,9852,1,19,3,1,10,5,10,8,6,11
35,No,Travel_Rarely,Research & Development,4,Technical Degree,Male,2,8095,0,13,3,4,17,5,16,6,13,2
28,No,Travel_Frequently,Research & Development,3,Life Sciences,Male,4,3867,1,12,3,2,2,2,2,2,2,24
41,No,Travel_Rarely,Sales,1,Life Sciences,Male,3,8189,3,13,3,3,12,2,9,7,7,20
49,No,Travel_Frequently,Research & Development,4,Life Sciences,Female,1,18665,9,11,3,4,22,4,3,2,2,24
34,Yes,Travel_Rarely,Research & Development,1,Medical,Male,1,2960,2,11,3,3,8,2,4,2,3,22
44,No,Travel_Rarely,Human Resources,4,Life Sciences,Female,3,5985,4,11,3,2,10,1,2,2,2,32
36,No,Travel_Rarely,Research & Development,5,Medical,Female,4,8858,0,11,3,2,15,2,14,8,8,7
50,No,Travel_Rarely,Research & Development,3,Life Sciences,Female,1,16880,4,11,3,2,25,2,3,2,2,22
38,No,Travel_Rarely,Research & Development,2,Other,Female,3,3702,1,11,3,2,5,3,5,4,4,28
32,No,Travel_Rarely,Research & Development,2,Life Sciences,Female,4,11159,3,15,3,4,10,6,7,7,7,15
41,No,Travel_Rarely,Human Resources,3,Human Resources,Male,3,19189,1,12,3,2,22,3,22,7,10,-3
42,No,Travel_Rarely,Research & Development,3,Life Sciences,Male,3,18880,5,11,3,1,24,2,22,6,14,-4
48,No,Travel_Rarely,Research & Development,3,Life Sciences,Male,4,7898,1,11,3,3,11,2,10,9,8,27
23,No,Travel_Rarely,Research & Development,2,Life Sciences,Male,3,1223,1,22,4,4,1,2,1,0,1,21
44,No,Travel_Rarely,Research & Development,4,Life Sciences,Male,4,2818,2,24,4,3,10,2,3,2,2,31
25,No,Travel_Rarely,Sales,2,Other,Female,3,4907,0,22,4,2,6,3,5,3,4,14
44,No,Travel_Rarely,Research & Development,3,Medical,Female,4,19049,0,14,3,4,23,4,22,7,10,-1
39,No,Travel_Rarely,Sales,4,Marketing,Male,1,13341,0,12,3,1,21,3,20,8,10,-2
30,No,Travel_Rarely,Research & Development,3,Medical,Female,3,9667,9,14,3,2,9,3,7,7,2,14
30,No,Travel_Rarely,Sales,4,Life Sciences,Male,1,4115,8,19,3,3,8,3,4,3,3,18
29,Yes,Travel_Rarely,Sales,3,Medical,Female,3,2800,6,19,3,3,5,3,3,2,2,21
55,No,Travel_Rarely,Research & Development,4,Life Sciences,Male,3,4035,0,16,3,2,4,2,3,2,2,48
46,No,Travel_Frequently,Sales,4,Marketing,Male,4,5772,4,21,4,3,14,4,9,6,8,23
26,Yes,Travel_Rarely,Research & Development,3,Technical Degree,Male,4,2340,1,18,3,2,1,3,1,0,0,24
42,No,Non-Travel,Research & Development,1,Life Sciences,Male,3,17861,0,13,3,4,21,3,20,8,10,1
50,No,Travel_Rarely,Research & Development,4,Medical,Male,3,19237,2,11,3,4,29,2,8,1,7,13
27,No,Travel_Rarely,Research & Development,2,Life Sciences,Male,3,2517,1,11,3,2,5,2,5,3,3,17
51,No,Travel_Frequently,Research & Development,4,Medical,Female,1,7484,3,20,4,3,23,1,13,12,8,15
38,No,Travel_Rarely,Research & Development,4,Life Sciences,Male,3,6553,9,14,3,2,14,3,1,0,0,23
45,No,Travel_Rarely,Research & Development,3,Life Sciences,Male,1,9724,2,17,3,3,25,2,1,0,0,19
56,No,Travel_Rarely,Research & Development,3,Medical,Male,4,11103,7,11,3,3,30,1,10,7,1,16
31,No,Travel_Rarely,Sales,1,Life Sciences,Male,4,6582,4,13,3,3,10,2,6,5,5,15
25,No,Travel_Rarely,Research & Development,1,Medical,Male,4,2889,1,11,3,3,2,2,2,2,1,21
29,No,Travel_Frequently,Research & Development,3,Life Sciences,Male,3,6294,8,12,3,4,10,5,3,2,2,16
25,No,Travel_Rarely,Sales,3,Life Sciences,Male,2,4851,0,22,4,3,4,4,3,2,2,18
36,No,Travel_Rarely,Sales,4,Life Sciences,Male,4,2644,3,21,4,4,7,3,3,2,2,26
45,No,Travel_Rarely,Human Resources,3,Life Sciences,Female,3,9756,4,21,4,3,9,2,5,0,3,31
37,No,Non-Travel,Research & Development,5,Medical,Female,3,4449,3,15,3,1,15,2,13,11,7,9
32,No,Travel_Frequently,Sales,2,Life Sciences,Male,2,6524,1,14,3,4,10,3,10,8,3,12
37,No,Travel_Frequently,Research & Development,3,Other,Male,4,12185,1,14,3,3,10,1,10,8,7,17
35,No,Travel_Rarely,Research & Development,2,Life Sciences,Male,4,2690,1,18,3,4,1,5,1,0,1,33
38,No,Travel_Frequently,Research & Development,3,Medical,Female,2,2440,1,22,4,2,4,3,4,3,3,30
30,No,Travel_Rarely,Sales,5,Marketing,Male,4,5304,7,23,4,4,10,2,8,7,7,12
51,No,Travel_Frequently,Sales,3,Marketing,Male,2,10596,2,11,3,2,14,5,4,2,2,33
30,No,Travel_Rarely,Sales,2,Other,Male,3,7264,5,11,3,1,10,2,8,4,7,12
21,No,Travel_Rarely,Research & Development,2,Life Sciences,Male,4,1232,1,14,3,4,0,6,0,0,0,21
55,No,Travel_Rarely,Research & Development,3,Medical,Male,1,19045,0,14,3,3,37,2,36,10,13,-18
31,Yes,Travel_Rarely,Human Resources,5,Human Resources,Male,1,2956,0,17,3,3,2,4,1,0,0,28
34,Yes,Travel_Rarely,Sales,4,Medical,Female,2,4599,0,23,4,3,16,2,15,9,10,3
43,No,Travel_Frequently,Research & Development,4,Life Sciences,Female,4,2455,0,19,3,1,9,5,8,7,7,26
50,No,Travel_Rarely,Research & Development,2,Medical,Male,4,17399,9,22,4,3,32,1,5,4,3,13
28,Yes,Non-Travel,Research & Development,2,Technical Degree,Male,1,8722,1,12,3,1,10,2,10,7,9,8
56,No,Travel_Frequently,Sales,3,Life Sciences,Female,1,13212,9,11,3,4,36,0,7,7,7,13
20,No,Travel_Rarely,Sales,1,Life Sciences,Male,1,2728,1,11,3,1,2,3,2,2,2,16
34,No,Travel_Rarely,Research & Development,3,Medical,Male,3,5429,4,13,3,1,10,1,8,7,7,16
34,No,Travel_Rarely,Research & Development,4,Life Sciences,Male,3,2768,3,12,3,3,14,3,7,3,7,13
28,Yes,Travel_Rarely,Research & Development,1,Life Sciences,Female,4,2515,1,11,3,4,1,4,1,1,0,26
25,No,Non-Travel,Research & Development,2,Life Sciences,Male,1,4000,1,12,3,4,6,2,6,3,5,13
39,No,Travel_Rarely,Sales,4,Life Sciences,Female,3,5902,4,14,3,3,17,1,15,11,9,7
32,No,Non-Travel,Sales,1,Life Sciences,Female,1,2827,1,12,3,3,1,3,1,0,0,30
20,No,Travel_Rarely,Sales,3,Marketing,Male,4,2678,1,17,3,4,2,2,2,1,2,16
51,No,Travel_Rarely,Sales,4,Marketing,Male,4,5441,0,22,4,4,11,2,10,7,0,30
42,No,Travel_Frequently,Research & Development,1,Medical,Male,4,2515,5,14,3,4,8,2,2,1,2,32
41,No,Travel_Rarely,Sales,3,Life Sciences,Male,2,8938,2,11,3,3,14,5,5,4,4,22
35,No,Travel_Rarely,Research & Development,3,Life Sciences,Male,3,7632,4,12,3,3,10,2,8,7,0,17
26,No,Travel_Rarely,Sales,3,Marketing,Female,4,4157,7,19,3,3,5,2,2,2,0,19
31,No,Travel_Rarely,Human Resources,2,Medical,Female,2,2109,9,18,3,4,8,3,3,2,2,20
27,No,Non-Travel,Research & Development,3,Medical,Male,3,2566,1,15,3,4,1,2,1,1,1,25
50,Yes,Travel_Frequently,Sales,4,Life Sciences,Male,3,6728,7,12,3,4,12,3,6,3,1,32
35,Yes,Travel_Frequently,Research & Development,4,Life Sciences,Female,2,2022,1,19,3,1,10,3,10,2,8,15
40,No,Non-Travel,Research & Development,2,Life Sciences,Male,3,3544,9,16,3,2,6,0,4,2,0,30
52,No,Travel_Rarely,Research & Development,2,Life Sciences,Female,4,16555,2,13,3,4,31,2,5,2,4,16
50,No,Travel_Rarely,Research & Development,3,Life Sciences,Female,2,19926,3,15,3,2,21,5,5,4,4,24
51,No,Travel_Rarely,Research & Development,4,Life Sciences,Male,2,12490,5,16,3,4,16,5,10,9,7,25
25,No,Travel_Rarely,Research & Development,1,Medical,Male,4,3669,3,11,3,3,7,6,3,2,2,15
52,No,Travel_Rarely,Sales,4,Marketing,Male,1,16856,1,11,3,1,34,3,34,6,16,-16
32,No,Travel_Rarely,Sales,3,Marketing,Male,4,5396,1,12,3,4,10,2,10,7,8,12
30,No,Travel_Rarely,Sales,2,Medical,Female,2,5209,1,12,3,2,11,4,11,8,7,8
57,No,Travel_Rarely,Research & Development,4,Medical,Male,3,6755,2,11,3,3,15,2,3,2,2,39
32,No,Travel_Frequently,Research & Development,4,Life Sciences,Male,4,5309,1,15,3,4,10,2,10,8,7,12
29,No,Travel_Rarely,Sales,3,Marketing,Male,2,2297,1,14,3,4,2,2,2,2,2,25
33,No,Non-Travel,Research & Development,2,Medical,Male,3,2008,1,12,3,3,1,2,1,1,0,31
27,No,Travel_Rarely,Research & Development,1,Medical,Male,2,3468,9,12,3,4,6,3,2,2,2,19
28,No,Non-Travel,Research & Development,3,Medical,Male,3,2144,1,14,3,3,5,3,5,3,4,18
56,Yes,Travel_Rarely,Research & Development,2,Life Sciences,Male,4,2587,1,16,3,4,5,3,4,2,0,47
33,No,Travel_Rarely,Research & Development,3,Life Sciences,Male,4,2500,0,14,3,1,4,2,3,1,2,26
38,No,Travel_Frequently,Research & Development,3,Life Sciences,Male,3,2610,1,11,3,4,4,2,4,2,3,30
56,No,Travel_Frequently,Research & Development,3,Medical,Female,3,2942,2,19,3,2,18,4,5,4,3,33
44,No,Travel_Rarely,Research & Development,4,Life Sciences,Male,1,5033,2,15,3,4,10,5,2,0,2,32
31,Yes,Non-Travel,Research & Development,2,Medical,Male,1,2321,0,22,4,1,4,0,3,2,2,24
35,No,Travel_Rarely,Research & Development,3,Medical,Female,4,5363,0,12,3,2,10,0,9,7,0,16
44,No,Non-Travel,Research & Development,3,Life Sciences,Male,3,3162,3,14,3,4,7,5,5,2,3,32
27,No,Non-Travel,Research & Development,5,Life Sciences,Male,3,4621,1,19,3,4,3,4,3,2,2,21
47,No,Travel_Rarely,Sales,4,Marketing,Male,1,4960,2,12,3,4,20,2,7,7,7,20
55,Yes,Travel_Rarely,Sales,4,Marketing,Male,3,13695,6,17,3,3,24,2,19,7,8,12
30,No,Travel_Rarely,Research & Development,3,Medical,Male,2,3579,0,21,4,1,12,2,11,9,7,7
26,No,Travel_Rarely,Sales,3,Other,Female,3,2966,0,18,3,4,5,2,4,2,0,17
36,No,Travel_Frequently,Research & Development,3,Life Sciences,Male,2,6499,1,13,3,3,6,3,6,5,3,24
44,No,Travel_Rarely,Research & Development,3,Medical,Male,4,2436,6,12,3,3,6,2,4,3,2,34
24,No,Travel_Frequently,Human Resources,3,Medical,Male,4,2145,0,14,3,4,3,2,2,2,1,19
31,Yes,Travel_Rarely,Sales,4,Life Sciences,Male,3,6172,4,18,3,2,12,3,7,7,7,12
28,No,Travel_Rarely,Research & Development,3,Life Sciences,Male,4,2044,1,11,3,3,5,6,5,3,3,18
39,No,Non-Travel,Research & Development,3,Life Sciences,Male,4,6472,1,15,3,4,9,2,9,8,8,21
49,No,Non-Travel,Research & Development,4,Life Sciences,Male,4,6804,1,15,3,1,7,0,7,7,7,35
51,No,Travel_Rarely,Human Resources,3,Life Sciences,Male,2,14026,1,11,3,2,33,2,33,9,10,-15
29,Yes,Travel_Rarely,Sales,3,Marketing,Female,2,2760,1,13,3,3,2,3,2,2,2,25
31,No,Travel_Rarely,Research & Development,4,Life Sciences,Male,3,3477,1,14,3,4,6,2,5,2,3,20
38,No,Travel_Rarely,Sales,3,Marketing,Male,2,2899,0,19,3,4,3,3,2,2,2,33
31,Yes,Travel_Rarely,Sales,4,Marketing,Male,3,8161,2,13,3,1,10,2,1,0,0,20
29,Yes,Travel_Frequently,Research & Development,1,Other,Female,4,7553,0,12,3,1,9,1,8,7,7,12
32,No,Travel_Frequently,Sales,3,Marketing,Female,4,8998,1,14,3,4,9,2,9,8,7,14
29,No,Travel_Rarely,Research & Development,2,Other,Male,2,4025,4,13,3,1,10,2,4,3,3,15
36,Yes,Travel_Rarely,Research & Development,3,Medical,Male,3,3388,0,17,3,1,2,0,1,0,0,33
26,Yes,Travel_Frequently,Research & Development,2,Medical,Female,3,2366,1,14,3,1,8,2,8,7,7,10
39,No,Non-Travel,Research & Development,3,Life Sciences,Male,2,6782,9,15,3,3,9,2,5,4,3,25
21,Yes,Travel_Rarely,Sales,1,Marketing,Male,2,2679,1,13,3,2,1,3,1,0,0,19
32,Yes,Travel_Rarely,Research & Development,2,Life Sciences,Male,3,4883,1,18,3,1,10,3,10,4,1,12
18,No,Non-Travel,Research & Development,3,Life Sciences,Female,4,1611,1,15,3,3,0,5,0,0,0,18
45,No,Travel_Rarely,Research & Development,4,Medical,Female,4,2270,3,14,3,4,8,2,5,3,2,32
43,No,Travel_Rarely,Research & Development,2,Life Sciences,Male,3,17603,1,24,4,1,14,3,14,10,11,15
37,No,Travel_Rarely,Research & Development,3,Medical,Male,1,5974,4,13,3,1,13,2,7,7,7,17
31,Yes,Travel_Frequently,Sales,3,Life Sciences,Female,4,2785,7,14,3,3,3,3,1,0,0,27
47,No,Travel_Rarely,Sales,3,Medical,Female,3,4591,3,17,3,3,11,4,5,4,2,31
40,No,Travel_Rarely,Research & Development,3,Life Sciences,Female,4,6513,4,17,3,4,12,3,5,3,3,23
31,No,Travel_Rarely,Research & Development,3,Medical,Female,1,6812,1,19,3,2,10,2,10,9,8,11
39,No,Non-Travel,Sales,4,Life Sciences,Female,3,5736,6,19,3,3,10,1,3,2,2,26
35,No,Travel_Rarely,Research & Development,2,Other,Male,4,1951,1,12,3,3,1,3,1,0,0,33
34,No,Travel_Rarely,Research & Development,4,Life Sciences,Female,2,11994,0,11,3,3,13,4,12,6,11,9
32,No,Travel_Rarely,Research & Development,2,Life Sciences,Male,2,3298,0,12,3,4,7,5,6,2,5,19
30,No,Travel_Rarely,Research & Development,3,Medical,Male,2,2141,1,12,3,2,6,3,6,4,1,18
23,No,Travel_Rarely,Research & Development,1,Life Sciences,Male,4,2904,1,12,3,3,4,2,4,2,2,15
36,No,Travel_Rarely,Sales,2,Marketing,Male,2,5507,2,16,3,3,12,1,4,2,3,20
32,No,Travel_Rarely,Sales,3,Life Sciences,Male,3,5484,1,14,3,3,13,3,13,8,8,6
26,No,Travel_Rarely,Sales,3,Life Sciences,Male,3,5296,1,17,3,2,8,3,8,7,7,10
35,No,Travel_Rarely,Sales,3,Marketing,Male,3,4717,9,11,3,3,15,2,11,9,9,9
29,Yes,Travel_Rarely,Research & Development,3,Life Sciences,Female,1,2404,6,20,4,3,3,5,0,0,0,26
26,No,Travel_Frequently,Research & Development,2,Life Sciences,Female,4,4364,3,14,3,1,5,2,2,2,0,19
38,No,Travel_Rarely,Research & Development,5,Medical,Male,3,3057,6,13,3,2,6,0,1,0,1,31
36,No,Travel_Rarely,Research & Development,3,Technical Degree,Female,1,10252,2,21,4,3,17,2,7,7,7,12
32,No,Non-Travel,Research & Development,4,Medical,Female,4,6667,5,18,3,2,9,6,5,1,2,18
24,No,Travel_Rarely,Sales,4,Marketing,Female,3,4260,1,12,3,4,5,2,5,2,3,14
26,Yes,Travel_Rarely,Sales,3,Technical Degree,Male,1,5326,6,17,3,3,6,2,4,3,2,16
33,No,Travel_Rarely,Research & Development,4,Medical,Female,2,2622,6,21,4,4,7,3,3,2,1,23
46,No,Travel_Rarely,Sales,2,Marketing,Female,1,10453,1,25,4,3,24,2,24,13,7,-2
51,No,Travel_Rarely,Research & Development,2,Technical Degree,Female,2,13142,3,16,3,2,29,1,5,2,3,17
29,No,Travel_Rarely,Sales,3,Medical,Male,3,5869,9,11,3,3,8,2,5,2,4,16
41,Yes,Travel_Rarely,Research & Development,4,Life Sciences,Female,4,2778,4,13,3,3,10,1,7,7,0,24
31,No,Travel_Rarely,Research & Development,2,Life Sciences,Male,1,2218,1,12,3,3,4,3,4,2,2,23
25,No,Travel_Rarely,Sales,1,Other,Male,1,4194,1,18,3,4,5,3,5,3,3,15
31,No,Travel_Rarely,Research & Development,3,Medical,Male,4,5582,0,21,4,2,10,2,9,0,8,12
32,Yes,Travel_Rarely,Sales,4,Medical,Male,4,10400,1,11,3,3,14,2,14,8,8,4
27,No,Travel_Rarely,Research & Development,3,Life Sciences,Female,2,2478,1,12,3,2,4,2,4,3,2,19
32,Yes,Travel_Rarely,Research & Development,3,Life Sciences,Male,3,3730,0,14,3,4,4,2,3,2,2,25
35,No,Travel_Frequently,Research & Development,2,Life Sciences,Male,4,9362,2,11,3,3,10,2,2,2,2,23
29,No,Travel_Frequently,Research & Development,4,Life Sciences,Male,4,2720,1,18,3,4,10,5,10,7,8,9
33,No,Travel_Rarely,Research & Development,2,Medical,Female,4,4878,0,13,3,1,10,6,9,7,1,14
43,No,Travel_Rarely,Research & Development,3,Life Sciences,Male,2,14336,1,11,3,3,25,3,25,10,9,-7
19,Yes,Non-Travel,Research & Development,3,Medical,Female,2,1859,1,25,4,2,1,2,1,1,0,17
26,Yes,Travel_Rarely,Human Resources,2,Medical,Female,2,2148,0,11,3,3,6,3,5,1,4,15
31,No,Travel_Rarely,Research & Development,4,Medical,Female,4,7143,1,14,3,3,11,2,11,9,10,9
34,No,Travel_Rarely,Research & Development,4,Life Sciences,Female,2,4505,6,15,3,3,12,3,1,0,0,21
33,No,Travel_Rarely,Sales,3,Medical,Male,1,4037,1,22,4,1,9,5,9,8,8,15
46,No,Non-Travel,Research & Development,4,Medical,Female,3,5258,2,14,3,3,7,2,1,0,0,38
58,No,Non-Travel,Research & Development,4,Life Sciences,Male,3,5660,2,13,3,4,12,2,5,3,2,41
46,No,Travel_Rarely,Research & Development,2,Life Sciences,Male,4,8578,3,14,3,3,12,4,9,8,7,25
33,No,Travel_Frequently,Research & Development,4,Other,Female,2,5488,1,13,3,1,6,2,6,5,2,21
34,No,Travel_Rarely,Sales,2,Technical Degree,Male,3,2308,0,25,4,2,12,4,11,10,7,11
53,No,Travel_Rarely,Research & Development,3,Other,Female,3,19094,4,11,3,4,26,3,14,13,8,13
33,Yes,Travel_Rarely,Sales,3,Marketing,Female,1,5324,5,15,3,3,6,3,3,2,2,24
30,No,Travel_Rarely,Research & Development,3,Life Sciences,Male,4,4152,1,19,3,1,11,3,11,10,8,8
39,Yes,Travel_Rarely,Research & Development,3,Medical,Male,1,2404,7,21,4,4,8,2,2,2,2,29
35,No,Travel_Rarely,Research & Development,1,Life Sciences,Male,3,3506,0,14,3,4,4,3,3,2,2,28
34,Yes,Travel_Frequently,Research & Development,3,Life Sciences,Male,3,6074,1,24,4,4,9,3,9,7,6,16
31,No,Travel_Rarely,Sales,2,Life Sciences,Male,3,3067,0,19,3,3,3,1,2,2,2,26
33,No,Travel_Rarely,Research & Development,3,Medical,Male,3,11691,0,11,3,4,14,3,13,9,7,6
49,No,Travel_Rarely,Research & Development,3,Medical,Female,1,2587,4,16,3,2,17,2,2,2,2,30
34,No,Travel_Frequently,Research & Development,2,Life Sciences,Male,3,4033,2,11,3,4,5,3,3,2,2,26
45,No,Travel_Rarely,Sales,3,Other,Male,2,4805,0,19,3,2,9,3,8,7,7,28
36,No,Travel_Rarely,Research & Development,4,Medical,Male,3,2519,4,21,4,3,16,6,11,8,9,9
28,Yes,Travel_Rarely,Research & Development,2,Life Sciences,Female,2,2216,7,13,3,4,10,4,7,7,7,11
37,No,Non-Travel,Sales,4,Medical,Male,2,8834,1,13,3,4,9,6,9,5,7,19
30,No,Travel_Rarely,Research & Development,1,Medical,Male,4,2720,0,13,3,4,6,3,5,3,2,19
40,No,Travel_Rarely,Sales,3,Technical Degree,Female,2,6852,7,12,3,2,7,2,5,1,3,28
53,No,Travel_Rarely,Sales,2,Marketing,Female,4,10934,7,18,3,4,35,3,5,2,4,13
37,No,Travel_Rarely,Research & Development,4,Life Sciences,Female,2,6447,6,12,3,2,8,2,6,5,3,23
25,Yes,Travel_Rarely,Research & Development,3,Medical,Male,1,4031,5,13,3,3,6,5,2,2,2,17
41,Yes,Travel_Rarely,Research & Development,3,Technical Degree,Female,3,19545,1,12,3,4,23,0,22,15,8,-4
25,No,Travel_Frequently,Research & Development,1,Life Sciences,Male,3,5206,1,17,3,3,7,6,7,7,7,11
41,No,Non-Travel,Research & Development,1,Life Sciences,Female,3,19973,1,22,4,2,21,3,21,16,10,-1
36,No,Travel_Rarely,Research & Development,4,Life Sciences,Female,2,5410,9,11,3,4,18,2,16,14,12,2
29,No,Travel_Rarely,Sales,3,Life Sciences,Male,3,2642,1,11,3,3,1,6,1,0,0,27
29,No,Travel_Rarely,Research & Development,3,Technical Degree,Male,4,4262,4,12,3,2,8,2,3,2,2,18
22,No,Travel_Rarely,Research & Development,1,Medical,Male,4,2323,1,24,4,1,2,6,2,2,2,18
26,No,Travel_Rarely,Sales,3,Medical,Male,4,4684,1,13,3,1,5,4,5,3,2,16
34,No,Travel_Rarely,Research & Development,4,Life Sciences,Female,4,3280,2,16,3,3,10,2,4,2,3,20
50,No,Travel_Frequently,Research & Development,3,Life Sciences,Female,2,18172,3,19,3,1,28,1,8,3,7,14
43,No,Travel_Frequently,Sales,4,Life Sciences,Male,4,5675,1,20,4,3,7,5,7,7,7,29
54,No,Travel_Frequently,Research & Development,4,Life Sciences,Female,3,10502,7,17,3,1,33,2,5,4,4,16
40,No,Travel_Rarely,Research & Development,4,Technical Degree,Male,4,10322,4,20,4,4,14,6,11,10,1,15
44,Yes,Travel_Rarely,Research & Development,4,Life Sciences,Male,3,2936,1,11,3,3,6,4,6,4,2,32
29,No,Travel_Rarely,Research & Development,4,Medical,Male,3,11935,1,18,3,3,10,2,10,2,7,9
35,No,Travel_Frequently,Research & Development,4,Life Sciences,Male,3,5689,1,14,3,4,10,2,10,2,2,15
29,No,Travel_Rarely,Research & Development,1,Life Sciences,Male,3,6384,8,17,3,4,11,3,7,0,6,11
36,No,Travel_Rarely,Sales,2,Medical,Male,3,7596,1,13,3,2,10,2,10,9,0,16
28,No,Non-Travel,Human Resources,2,Life Sciences,Male,4,2706,1,15,3,2,3,2,3,2,2,22
32,No,Travel_Rarely,Sales,5,Marketing,Male,4,9204,4,12,3,3,7,3,4,3,3,21
45,No,Travel_Rarely,Sales,3,Marketing,Male,1,10761,4,12,3,3,18,2,5,4,2,22
26,No,Travel_Rarely,Research & Development,3,Other,Female,2,2368,1,19,3,3,5,3,5,4,3,16
50,No,Travel_Rarely,Research & Development,3,Life Sciences,Male,3,13973,3,18,3,4,22,2,12,11,5,16
28,No,Travel_Rarely,Sales,3,Life Sciences,Male,1,4724,1,11,3,3,5,0,5,3,4,18
42,No,Travel_Rarely,Research & Development,3,Life Sciences,Male,3,3968,4,13,3,4,8,3,0,0,0,34
41,No,Travel_Frequently,Research & Development,3,Life Sciences,Male,1,17181,4,13,3,2,21,2,7,6,7,13
35,Yes,Travel_Rarely,Research & Development,4,Other,Male,2,3743,1,24,4,4,5,2,4,2,2,26
35,No,Travel_Rarely,Research & Development,3,Life Sciences,Male,3,3407,1,17,3,4,10,3,10,9,8,15
24,No,Travel_Frequently,Research & Development,1,Technical Degree,Female,4,3760,1,13,3,3,6,2,6,3,3,12
38,No,Travel_Rarely,Research & Development,4,Life Sciences,Female,4,7625,0,13,3,3,10,4,9,7,8,19
28,Yes,Travel_Rarely,Research & Development,4,Technical Degree,Male,3,3441,1,13,3,3,2,3,2,2,2,24
31,No,Non-Travel,Research & Development,3,Medical,Female,3,11031,4,20,4,3,13,2,11,7,8,7
38,No,Travel_Rarely,Sales,3,Life Sciences,Male,2,9924,0,11,3,4,10,3,9,8,7,19
35,No,Travel_Rarely,Sales,1,Life Sciences,Male,3,2404,1,13,3,1,1,3,1,0,0,33
28,No,Travel_Frequently,Research & Development,4,Medical,Male,3,2154,0,11,3,3,5,2,4,2,2,19
40,No,Travel_Rarely,Research & Development,3,Medical,Male,3,2345,2,14,3,3,8,3,3,1,2,29
18,Yes,Travel_Frequently,Sales,2,Medical,Female,4,1569,1,12,3,3,0,2,0,0,0,18
41,No,Travel_Rarely,Research & Development,3,Life Sciences,Male,2,6870,3,12,3,1,11,3,3,2,2,27
54,No,Travel_Rarely,Research & Development,4,Medical,Female,4,6854,4,15,3,2,14,2,7,1,7,33
35,No,Travel_Rarely,Sales,3,Medical,Female,3,4859,1,16,3,4,5,3,5,4,3,25
51,No,Travel_Rarely,Research & Development,4,Medical,Male,3,6132,2,17,3,3,10,2,1,0,0,40
32,No,Travel_Rarely,Research & Development,4,Other,Female,4,3312,3,17,3,4,6,3,3,2,2,23
32,No,Travel_Rarely,Research & Development,3,Medical,Male,4,11244,2,25,4,2,10,5,5,2,0,17
35,No,Non-Travel,Sales,2,Marketing,Female,4,10377,4,11,3,2,16,6,13,2,12,6
40,No,Travel_Rarely,Research & Development,2,Medical,Male,3,19436,0,19,3,4,22,5,21,7,9,-3
33,No,Non-Travel,Research & Development,3,Technical Degree,Male,2,3055,5,15,3,4,11,2,9,8,7,13
34,No,Travel_Rarely,Sales,3,Other,Male,4,6274,1,22,4,3,6,5,6,5,4,22
42,No,Travel_Frequently,Research & Development,3,Life Sciences,Male,4,18430,1,13,3,2,24,4,24,7,9,-6
45,No,Travel_Rarely,Research & Development,3,Technical Degree,Male,4,9380,4,18,3,4,10,4,3,1,2,32
37,No,Travel_Rarely,Research & Development,3,Life Sciences,Male,3,5768,3,17,3,1,9,2,4,3,2,24
53,Yes,Travel_Rarely,Sales,4,Life Sciences,Male,1,10448,6,13,3,2,15,2,2,2,2,36
35,No,Travel_Frequently,Sales,2,Marketing,Male,4,4968,1,11,3,4,5,3,5,2,2,25
29,No,Travel_Rarely,Research & Development,3,Life Sciences,Male,1,2062,3,14,3,2,11,2,3,2,2,15
42,Yes,Travel_Frequently,Sales,3,Life Sciences,Male,1,13758,0,12,3,2,22,2,21,9,14,-1
41,No,Travel_Rarely,Research & Development,3,Medical,Male,1,4721,2,13,3,3,20,3,18,13,17,3
31,No,Travel_Frequently,Research & Development,2,Life Sciences,Female,3,8943,1,24,4,1,10,2,10,9,9,11
23,Yes,Travel_Rarely,Research & Development,3,Life Sciences,Male,1,1601,1,21,4,3,1,2,0,0,0,22
28,No,Travel_Rarely,Research & Development,2,Medical,Male,1,4558,1,12,3,4,10,2,10,0,8,8
53,No,Travel_Rarely,Research & Development,4,Medical,Male,4,7005,3,15,3,3,11,2,4,3,2,38
24,No,Travel_Rarely,Research & Development,1,Medical,Female,3,4377,1,15,3,2,5,6,4,2,2,15
34,Yes,Travel_Frequently,Human Resources,3,Human Resources,Female,1,9950,9,15,3,3,11,2,3,2,2,20
38,No,Travel_Rarely,Sales,2,Marketing,Male,2,7351,7,16,3,3,10,2,1,0,0,27
54,No,Travel_Rarely,Research & Development,3,Medical,Female,1,4440,6,19,3,4,9,3,5,2,4,40
19,Yes,Travel_Rarely,Research & Development,3,Life Sciences,Male,4,1102,1,22,4,3,1,3,1,0,0,17
32,No,Travel_Rarely,Research & Development,4,Life Sciences,Female,4,6322,1,12,3,4,6,2,6,4,5,20
37,No,Travel_Rarely,Research & Development,4,Life Sciences,Male,2,4197,2,12,3,4,18,2,1,0,1,18
30,Yes,Travel_Frequently,Research & Development,3,Medical,Female,2,2422,0,17,3,1,4,3,3,2,2,23
59,No,Travel_Rarely,Research & Development,4,Medical,Male,4,10512,6,12,3,4,25,6,9,7,4,25
48,Yes,Travel_Rarely,Research & Development,2,Life Sciences,Male,3,5381,9,13,3,4,23,2,1,0,0,24
22,No,Travel_Rarely,Research & Development,2,Life Sciences,Male,4,4775,6,22,4,1,4,2,2,2,2,16
29,No,Non-Travel,Research & Development,1,Technical Degree,Male,3,4319,1,13,3,1,10,1,10,7,9,9
34,No,Travel_Rarely,Sales,1,Medical,Female,4,8103,3,12,3,3,9,3,4,2,1,21
30,No,Travel_Rarely,Research & Development,3,Medical,Female,4,6877,5,24,4,2,12,4,0,0,0,18
49,No,Travel_Rarely,Sales,4,Technical Degree,Male,2,13120,6,17,3,2,22,3,9,8,3,18
27,No,Travel_Rarely,Sales,4,Marketing,Female,2,6214,1,18,3,1,8,3,8,7,7,11
55,No,Travel_Rarely,Human Resources,4,Human Resources,Male,2,19636,4,18,3,1,35,0,10,9,4,10
29,No,Travel_Rarely,Research & Development,4,Medical,Female,3,2974,9,17,3,3,9,2,5,3,2,15
54,No,Travel_Rarely,Research & Development,3,Technical Degree,Female,3,10739,8,11,3,3,22,2,10,7,8,22
51,No,Travel_Rarely,Research & Development,3,Medical,Female,2,13734,3,18,3,3,21,6,7,7,0,23
40,No,Travel_Rarely,Sales,4,Life Sciences,Female,3,18041,0,14,3,4,21,2,20,15,12,-1
26,No,Travel_Rarely,Research & Development,3,Medical,Male,1,2867,0,13,3,4,8,6,7,7,6,11
42,No,Travel_Rarely,Sales,4,Marketing,Male,4,5087,3,12,3,3,14,4,0,0,0,28
33,No,Travel_Rarely,Research & Development,3,Medical,Male,4,2781,0,13,3,2,15,5,14,10,10,4
40,No,Travel_Rarely,Sales,2,Marketing,Female,2,5715,7,12,3,3,8,5,5,4,3,27
57,No,Travel_Rarely,Research & Development,2,Life Sciences,Male,4,9439,3,16,3,2,12,2,5,3,4,40
55,No,Travel_Rarely,Research & Development,4,Medical,Male,4,14732,2,13,3,4,31,4,7,7,0,17
42,No,Travel_Rarely,Research & Development,3,Medical,Male,1,5538,5,18,3,3,10,2,0,0,0,32
37,No,Travel_Rarely,Research & Development,2,Life Sciences,Male,4,4680,3,17,3,1,4,2,1,0,0,32
38,No,Travel_Frequently,Research & Development,5,Life Sciences,Female,4,2406,1,11,3,4,10,2,10,3,9,18
51,Yes,Travel_Frequently,Research & Development,4,Life Sciences,Male,4,10650,2,15,3,4,18,2,4,2,3,29
19,No,Travel_Rarely,Research & Development,1,Medical,Female,2,1483,1,14,3,4,1,3,1,0,0,17
34,No,Travel_Rarely,Sales,3,Other,Male,1,4759,3,18,3,4,15,2,13,9,12,6
40,No,Travel_Rarely,Research & Development,3,Life Sciences,Male,4,4661,1,13,3,3,9,4,9,8,8,22
28,No,Travel_Rarely,Research & Development,3,Technical Degree,Male,1,2080,2,11,3,2,5,2,3,2,2,20
27,No,Travel_Rarely,Research & Development,4,Technical Degree,Male,2,2226,1,11,3,3,6,3,5,3,2,16
35,No,Travel_Rarely,Research & Development,3,Medical,Male,3,2859,1,18,3,1,6,3,6,4,4,23
38,No,Travel_Rarely,Sales,4,Life Sciences,Male,2,4440,0,15,3,1,16,3,15,13,8,7
43,No,Travel_Frequently,Research & Development,3,Medical,Male,4,2258,7,20,4,1,8,1,3,2,2,32
30,No,Travel_Rarely,Research & Development,2,Medical,Male,3,2206,1,13,3,1,10,5,10,0,8,10
38,No,Travel_Rarely,Research & Development,2,Medical,Female,3,3306,7,19,3,4,7,5,0,0,0,31
45,No,Travel_Rarely,Sales,3,Life Sciences,Female,3,4850,8,15,3,3,8,3,5,3,1,32
45,No,Travel_Rarely,Research & Development,5,Medical,Female,1,5769,1,14,3,1,10,3,10,7,4,25
52,No,Non-Travel,Sales,4,Life Sciences,Male,4,3482,2,15,3,2,16,3,9,8,0,27
41,No,Non-Travel,Research & Development,4,Other,Female,3,6811,2,17,3,1,10,3,8,7,7,23
27,No,Travel_Frequently,Research & Development,2,Life Sciences,Female,4,2379,0,14,3,3,6,3,5,4,2,16
41,Yes,Non-Travel,Research & Development,2,Life Sciences,Male,1,2107,6,17,3,1,5,2,1,0,0,35
46,No,Travel_Rarely,Research & Development,4,Medical,Male,4,19627,9,17,3,4,23,0,2,2,2,21
18,Yes,Travel_Frequently,Sales,3,Marketing,Male,2,1878,1,14,3,4,0,3,0,0,0,18
24,No,Travel_Rarely,Research & Development,3,Medical,Male,2,3597,8,22,4,4,6,2,4,3,2,14
31,No,Travel_Frequently,Research & Development,1,Life Sciences,Female,1,4148,1,12,3,3,4,1,4,3,3,23
33,Yes,Travel_Rarely,Sales,3,Marketing,Female,3,2851,1,13,3,2,1,2,1,0,0,31
33,No,Non-Travel,Sales,2,Marketing,Male,2,6146,0,13,3,1,8,2,7,7,7,18
35,No,Travel_Rarely,Research & Development,3,Technical Degree,Male,2,10903,3,16,3,1,16,2,13,10,8,6
55,No,Travel_Rarely,Sales,5,Life Sciences,Female,2,16835,3,23,4,4,37,2,10,9,7,8
54,No,Travel_Rarely,Sales,4,Life Sciences,Female,3,10686,6,11,3,2,13,4,9,4,0,32
54,No,Travel_Rarely,Sales,3,Marketing,Female,1,5940,2,14,3,4,16,4,6,2,5,32
32,No,Travel_Rarely,Research & Development,3,Medical,Male,2,5470,0,13,3,3,10,4,9,5,6,13
30,No,Travel_Rarely,Sales,3,Life Sciences,Female,4,9419,2,12,3,3,12,2,10,9,4,8
36,No,Non-Travel,Sales,4,Technical Degree,Male,4,5079,4,13,3,4,12,3,7,7,7,17
39,No,Travel_Rarely,Research & Development,1,Life Sciences,Male,4,4108,7,13,3,1,18,2,7,7,7,14
39,No,Travel_Rarely,Sales,1,Marketing,Female,4,12031,0,11,3,1,21,2,20,9,6,-2
43,No,Travel_Frequently,Research & Development,3,Life Sciences,Female,4,5562,4,13,3,2,12,2,5,2,2,26
56,No,Travel_Rarely,Research & Development,3,Life Sciences,Male,4,7260,4,11,3,1,37,3,6,4,2,13
18,Yes,Travel_Rarely,Research & Development,3,Life Sciences,Male,3,1420,1,13,3,3,0,2,0,0,0,18
37,No,Travel_Rarely,Research & Development,3,Medical,Female,3,3629,4,18,3,1,8,6,3,2,2,26
34,No,Travel_Rarely,Research & Development,2,Medical,Male,4,3986,1,14,3,3,15,3,15,10,13,4
28,No,Travel_Rarely,Human Resources,2,Medical,Male,4,4936,1,13,3,4,6,6,5,1,4,17
37,No,Non-Travel,Sales,2,Medical,Male,2,7642,1,13,3,4,10,2,10,0,9,17
20,Yes,Travel_Rarely,Research & Development,3,Medical,Female,1,2600,1,15,3,1,1,2,1,0,0,18
37,No,Travel_Rarely,Research & Development,1,Life Sciences,Female,1,2782,0,13,3,2,6,3,5,3,3,26
56,No,Travel_Rarely,Research & Development,3,Life Sciences,Male,2,13402,4,12,3,1,33,0,19,16,9,4
30,No,Travel_Rarely,Research & Development,3,Technical Degree,Female,4,4627,0,12,3,1,10,6,9,2,7,11
35,No,Travel_Rarely,Sales,4,Life Sciences,Female,4,2572,1,16,3,2,3,1,3,2,2,29
32,No,Travel_Rarely,Research & Development,3,Life Sciences,Male,2,6220,1,17,3,2,10,3,10,4,9,12
23,No,Travel_Rarely,Research & Development,3,Technical Degree,Male,3,2073,2,16,3,4,4,2,2,2,2,17
26,No,Travel_Frequently,Research & Development,1,Medical,Female,3,2007,1,13,3,3,5,5,5,3,3,16
27,No,Travel_Rarely,Sales,1,Medical,Female,3,3540,1,21,4,4,9,5,9,8,8,9
34,No,Non-Travel,Sales,4,Marketing,Male,3,4568,0,20,4,3,10,2,9,5,7,15
41,No,Travel_Rarely,Research & Development,4,Life Sciences,Male,1,2289,1,20,4,2,5,2,5,3,4,31
58,No,Travel_Rarely,Sales,4,Medical,Male,3,13872,0,13,3,3,38,1,37,10,8,-17
38,No,Travel_Rarely,Sales,3,Life Sciences,Female,2,4198,2,12,3,2,8,5,3,2,2,27
45,No,Non-Travel,Sales,3,Medical,Female,4,8865,6,12,3,4,23,2,19,7,8,3
28,Yes,Travel_Rarely,Research & Development,3,Medical,Male,2,2408,1,17,3,3,1,3,1,1,0,26
29,No,Travel_Frequently,Sales,3,Technical Degree,Female,4,2157,1,15,3,2,3,5,3,1,2,23
33,Yes,Travel_Rarely,Research & Development,1,Medical,Male,4,3408,7,13,3,1,8,2,4,3,3,21
38,No,Travel_Rarely,Research & Development,2,Life Sciences,Female,4,2288,1,12,3,3,2,3,2,2,1,34
50,No,Travel_Rarely,Research & Development,1,Life Sciences,Male,2,19144,3,14,3,1,28,4,10,4,6,12
37,No,Travel_Rarely,Research & Development,3,Other,Female,2,4107,3,15,3,1,8,3,4,3,1,25
20,No,Travel_Rarely,Sales,3,Medical,Female,3,2783,1,19,3,1,2,3,2,2,2,16
39,No,Travel_Rarely,Research & Development,4,Medical,Female,3,2232,7,14,3,3,7,1,3,2,2,29
30,No,Travel_Rarely,Sales,2,Marketing,Male,1,7140,2,11,3,1,12,2,7,7,7,11
33,Yes,Travel_Rarely,Research & Development,3,Medical,Male,2,2313,4,20,4,2,5,0,2,2,2,26
41,No,Travel_Rarely,Research & Development,2,Medical,Female,3,5003,6,14,3,2,8,6,2,2,1,31
32,No,Non-Travel,Research & Development,4,Medical,Female,3,4025,9,12,3,2,10,2,8,7,7,14
31,No,Travel_Rarely,Sales,4,Medical,Male,4,5460,4,22,4,4,13,4,7,7,7,11
27,No,Travel_Rarely,Research & Development,4,Life Sciences,Female,4,4227,0,18,3,2,4,2,3,2,2,20
46,No,Travel_Rarely,Sales,1,Marketing,Male,3,17465,3,12,3,4,23,3,12,9,9,11
52,No,Travel_Rarely,Research & Development,4,Life Sciences,Female,3,3149,8,20,4,2,9,3,5,2,4,38
45,No,Non-Travel,Research & Development,1,Life Sciences,Male,3,10748,3,23,4,4,25,3,23,15,4,-3
44,No,Travel_Rarely,Sales,5,Marketing,Female,1,5454,5,21,4,3,9,2,4,3,3,31
25,Yes,Travel_Frequently,Sales,1,Life Sciences,Male,4,1118,1,14,3,4,1,4,1,0,0,23
38,No,Travel_Rarely,Sales,4,Marketing,Male,3,8740,0,14,3,2,9,2,8,7,7,21
40,No,Travel_Rarely,Research & Development,1,Medical,Female,4,2342,0,20,4,4,5,2,4,2,3,31
36,No,Travel_Frequently,Research & Development,4,Life Sciences,Male,1,5562,3,13,3,4,9,3,3,2,2,24
42,No,Travel_Rarely,Research & Development,2,Life Sciences,Female,1,6545,3,13,3,3,10,1,3,2,2,29
36,No,Travel_Frequently,Sales,4,Medical,Male,4,9699,4,11,3,1,16,2,13,9,12,7
28,Yes,Travel_Frequently,Research & Development,2,Medical,Male,1,2561,7,11,3,3,8,2,0,0,0,20
43,No,Non-Travel,Research & Development,3,Life Sciences,Male,3,2438,4,13,3,3,7,2,3,2,2,33
49,No,Travel_Rarely,Research & Development,4,Technical Degree,Male,3,6651,2,14,3,2,20,0,3,2,2,26
35,No,Travel_Rarely,Research & Development,5,Life Sciences,Male,1,5208,1,11,3,4,16,2,16,15,10,3
55,Yes,Travel_Rarely,Sales,1,Medical,Male,4,5160,4,16,3,3,12,3,9,7,3,34
28,No,Travel_Rarely,Research & Development,3,Medical,Male,4,2070,1,23,4,4,5,3,5,2,4,18
40,No,Travel_Frequently,Research & Development,4,Medical,Male,3,5094,6,14,3,4,10,6,1,0,0,29
36,No,Travel_Frequently,Sales,2,Technical Degree,Female,4,9738,0,14,3,3,10,6,9,7,8,17
28,Yes,Travel_Rarely,Research & Development,4,Life Sciences,Male,3,3485,2,11,3,3,5,5,0,0,0,23
56,No,Travel_Rarely,Research & Development,3,Life Sciences,Female,1,4257,4,18,3,3,19,3,2,2,2,35
42,No,Travel_Rarely,Research & Development,2,Technical Degree,Male,4,19232,1,11,3,4,22,3,22,17,15,-2
41,No,Travel_Rarely,Sales,2,Life Sciences,Male,3,7082,3,16,3,4,21,2,2,0,2,18
42,No,Non-Travel,Research & Development,2,Medical,Female,3,5265,2,16,3,2,11,5,5,3,2,26
30,No,Non-Travel,Research & Development,3,Technical Degree,Male,3,1274,1,13,3,2,1,2,1,0,0,28
35,No,Travel_Frequently,Research & Development,4,Other,Male,4,2376,1,13,3,2,2,2,2,2,2,31
46,No,Travel_Rarely,Research & Development,4,Medical,Male,1,9396,7,16,3,3,17,3,4,2,3,25
30,Yes,Travel_Frequently,Human Resources,3,Human Resources,Female,4,2180,6,11,3,3,6,0,4,2,2,20
29,No,Travel_Rarely,Research & Development,4,Life Sciences,Female,4,2514,4,22,4,1,11,1,7,5,7,11
54,No,Travel_Rarely,Human Resources,4,Medical,Male,2,10725,2,15,3,3,16,1,9,7,1,29
19,Yes,Travel_Frequently,Sales,1,Technical Degree,Female,1,2325,0,21,4,1,1,5,0,0,0,18
30,No,Travel_Rarely,Sales,3,Marketing,Male,3,6578,1,18,3,1,10,3,10,3,4,10
53,No,Travel_Rarely,Research & Development,2,Medical,Female,3,18606,3,18,3,2,26,6,7,7,7,20
40,No,Travel_Rarely,Sales,2,Medical,Male,4,7457,2,22,4,3,6,2,4,3,2,30
45,No,Non-Travel,Sales,4,Life Sciences,Female,3,5154,4,22,4,2,10,3,8,7,7,27
31,No,Travel_Rarely,Research & Development,4,Medical,Male,2,2501,1,17,3,2,1,4,1,1,0,29
24,No,Travel_Rarely,Research & Development,2,Life Sciences,Male,3,4617,1,12,3,2,4,2,4,3,2,16
56,No,Travel_Rarely,Research & Development,4,Technical Degree,Female,1,19943,4,13,3,4,28,2,5,2,2,23
30,Yes,Travel_Frequently,Sales,4,Life Sciences,Male,1,2033,1,18,3,3,1,2,1,0,0,28
28,No,Travel_Frequently,Research & Development,3,Life Sciences,Male,3,2703,1,14,3,4,3,2,3,1,2,22
34,No,Travel_Frequently,Research & Development,4,Other,Male,1,2996,5,14,3,3,10,2,4,3,3,20
37,No,Travel_Rarely,Research & Development,1,Life Sciences,Male,3,2996,7,15,3,4,8,2,6,4,3,23
46,No,Travel_Rarely,Human Resources,2,Life Sciences,Female,1,3423,6,12,3,3,10,3,7,6,7,29
29,No,Travel_Rarely,Sales,3,Medical,Male,2,6644,2,19,3,2,10,2,0,0,0,19
42,No,Travel_Rarely,Sales,2,Marketing,Male,3,18303,6,13,3,2,21,3,1,0,0,20
38,No,Travel_Rarely,Sales,2,Life Sciences,Female,1,6893,3,15,3,4,11,3,7,7,7,20
42,No,Travel_Frequently,Research & Development,4,Technical Degree,Female,4,4523,0,11,3,4,7,4,6,5,4,29
29,No,Travel_Frequently,Sales,1,Medical,Female,4,7918,1,14,3,4,11,5,11,10,1,7
27,No,Travel_Rarely,Research & Development,4,Medical,Male,4,2045,0,13,3,4,5,0,4,2,1,18
35,No,Travel_Rarely,Sales,4,Medical,Male,1,5561,0,16,3,4,6,2,5,3,4,24
24,Yes,Travel_Rarely,Sales,1,Technical Degree,Female,2,3202,1,16,3,2,6,4,5,3,4,13
30,No,Travel_Rarely,Sales,1,Technical Degree,Male,2,2476,1,18,3,1,1,3,1,0,0,28
29,No,Travel_Rarely,Research & Development,3,Life Sciences,Male,1,5373,0,12,3,1,6,5,5,3,2,18
37,No,Non-Travel,Research & Development,2,Technical Degree,Male,3,3500,0,14,3,1,7,2,6,5,3,24
39,No,Travel_Rarely,Research & Development,3,Life Sciences,Female,2,8376,4,18,3,4,9,3,2,0,2,28
28,Yes,Travel_Frequently,Research & Development,3,Medical,Male,2,2596,1,15,3,1,1,2,1,0,0,26
31,Yes,Travel_Frequently,Research & Development,3,Life Sciences,Female,3,4084,1,12,3,1,7,2,7,2,7,17
45,No,Travel_Frequently,Research & Development,3,Life Sciences,Male,1,5210,1,18,3,1,24,2,24,9,11,-3
31,Yes,Travel_Frequently,Sales,4,Life Sciences,Female,3,1359,1,12,3,2,1,3,1,0,0,29
30,No,Travel_Rarely,Human Resources,3,Life Sciences,Male,3,2064,0,21,4,1,6,3,5,3,3,19
49,No,Travel_Rarely,Research & Development,3,Technical Degree,Female,1,3580,2,16,3,2,7,2,4,2,2,38
30,No,Travel_Rarely,Research & Development,3,Life Sciences,Male,3,5294,3,16,3,3,10,3,7,0,7,13
36,No,Travel_Rarely,Sales,4,Life Sciences,Female,4,4502,3,15,3,3,17,2,13,7,7,6
40,No,Travel_Rarely,Research & Development,3,Life Sciences,Female,3,13237,7,15,3,3,22,3,20,6,13,-2
31,Yes,Travel_Rarely,Sales,4,Medical,Male,1,4233,2,17,3,3,9,2,3,1,2,19
34,No,Travel_Rarely,Research & Development,2,Medical,Female,2,2311,2,15,3,4,9,3,3,2,2,22
41,No,Travel_Rarely,Research & Development,3,Life Sciences,Male,3,2451,4,12,3,1,13,2,9,8,8,19
43,No,Travel_Rarely,Research & Development,2,Life Sciences,Male,1,17159,6,24,4,3,22,3,4,1,0,17
35,No,Travel_Rarely,Research & Development,4,Life Sciences,Male,3,6883,2,16,3,2,17,3,7,7,7,11
19,Yes,Travel_Rarely,Human Resources,2,Technical Degree,Male,4,2564,1,12,3,3,1,3,1,0,0,17
29,No,Travel_Rarely,Human Resources,1,Medical,Male,2,2804,1,11,3,4,1,3,1,0,0,27
38,No,Non-Travel,Sales,3,Technical Degree,Female,4,5666,1,13,3,2,6,1,5,3,3,27
54,No,Travel_Rarely,Research & Development,2,Life Sciences,Female,3,2897,3,11,3,3,9,6,4,3,3,41
44,No,Travel_Frequently,Research & Development,1,Medical,Male,3,10209,5,18,3,2,16,2,2,2,2,26
34,Yes,Non-Travel,Sales,3,Marketing,Male,4,5304,8,13,3,2,9,3,5,2,4,20
34,No,Travel_Frequently,Research & Development,4,Medical,Male,3,3815,1,17,3,4,5,4,5,3,0,24
29,Yes,Travel_Rarely,Research & Development,3,Technical Degree,Male,3,2058,0,14,3,4,7,1,6,2,5,16
29,No,Travel_Rarely,Research & Development,1,Life Sciences,Female,4,2168,0,18,3,1,6,2,5,4,3,18
40,No,Travel_Rarely,Research & Development,4,Life Sciences,Male,1,16823,2,11,3,1,22,3,19,7,16,-1
34,No,Travel_Frequently,Research & Development,4,Other,Male,4,5747,1,15,3,2,16,3,15,10,11,3
36,No,Travel_Rarely,Human Resources,3,Human Resources,Male,2,2143,4,13,3,2,8,2,5,2,4,23
36,No,Travel_Rarely,Research & Development,1,Life Sciences,Male,4,6586,0,17,3,1,17,2,16,8,11,3
47,No,Travel_Rarely,Research & Development,5,Life Sciences,Male,3,18300,4,11,3,2,21,2,3,2,1,23
34,No,Travel_Rarely,Sales,3,Life Sciences,Male,4,9713,2,13,3,4,9,3,5,3,0,20
46,No,Travel_Rarely,Research & Development,3,Medical,Female,3,4810,2,14,3,3,19,5,10,7,8,17
44,No,Travel_Rarely,Sales,3,Marketing,Male,2,18213,7,11,3,3,26,5,22,9,10,-4
18,No,Non-Travel,Research & Development,3,Medical,Female,3,1514,1,16,3,3,0,4,0,0,0,18
32,No,Travel_Rarely,Sales,3,Medical,Male,4,6209,1,15,3,3,10,4,10,7,8,12
29,Yes,Travel_Rarely,Research & Development,1,Medical,Male,4,2389,1,13,3,3,4,3,4,3,1,21
31,No,Travel_Rarely,Research & Development,1,Medical,Female,4,3929,8,23,4,3,7,0,4,2,2,20
53,No,Travel_Rarely,Research & Development,2,Medical,Female,1,4450,1,11,3,3,5,3,4,2,3,44
41,Yes,Travel_Frequently,Sales,3,Marketing,Male,2,9355,1,18,3,3,8,5,8,7,7,25
57,No,Travel_Rarely,Sales,3,Marketing,Male,4,14118,3,12,3,3,32,3,1,0,0,24
38,No,Travel_Frequently,Research & Development,3,Life Sciences,Male,3,9526,0,21,4,2,10,2,9,7,8,19
38,No,Travel_Rarely,Research & Development,2,Medical,Female,3,7756,3,19,3,4,10,6,5,4,2,23
34,No,Travel_Frequently,Sales,4,Marketing,Female,3,2231,6,18,3,4,6,3,4,3,2,24
35,No,Travel_Rarely,Human Resources,4,Life Sciences,Female,4,8837,1,16,3,3,9,2,9,0,7,17
35,Yes,Travel_Rarely,Sales,3,Medical,Male,1,10306,9,17,3,3,15,3,13,12,0,7
42,No,Travel_Rarely,Sales,1,Life Sciences,Male,3,4907,1,25,4,3,20,3,20,16,6,2
35,Yes,Travel_Rarely,Sales,3,Life Sciences,Male,4,5813,1,18,3,4,10,2,10,7,7,15
39,No,Travel_Rarely,Sales,4,Life Sciences,Male,4,6120,3,12,3,4,8,2,5,4,4,26
38,No,Non-Travel,Human Resources,3,Human Resources,Male,2,2592,5,13,3,4,13,3,11,10,8,14
34,No,Travel_Rarely,Research & Development,3,Life Sciences,Male,4,8500,0,11,3,4,10,0,9,7,6,15
45,No,Non-Travel,Research & Development,2,Life Sciences,Male,2,4447,1,12,3,2,9,5,9,7,8,27
27,No,Non-Travel,Research & Development,3,Medical,Male,4,1706,1,11,3,3,0,6,0,0,0,27
37,Yes,Travel_Rarely,Human Resources,4,Human Resources,Male,1,2073,4,22,4,4,7,3,3,2,2,27
27,No,Travel_Rarely,Research & Development,1,Life Sciences,Male,1,2099,0,14,3,2,6,3,5,0,4,16
29,Yes,Travel_Rarely,Research & Development,2,Life Sciences,Female,1,2319,1,11,3,4,1,1,1,0,0,27
35,No,Travel_Rarely,Research & Development,3,Medical,Male,2,2426,0,13,3,3,6,5,5,4,3,24
39,No,Travel_Frequently,Research & Development,1,Life Sciences,Female,3,3755,1,11,3,1,8,3,8,3,7,23
31,Yes,Travel_Rarely,Research & Development,4,Medical,Male,3,6179,1,15,3,4,10,3,10,2,7,11
26,No,Travel_Rarely,Sales,2,Medical,Male,3,4306,5,12,3,1,8,5,0,0,0,18
29,Yes,Travel_Frequently,Research & Development,2,Life Sciences,Male,4,2439,1,24,4,2,1,3,1,0,0,27
36,No,Non-Travel,Research & Development,4,Life Sciences,Male,2,2810,1,22,4,2,5,3,5,4,2,26
43,No,Travel_Rarely,Research & Development,4,Other,Male,4,16627,4,14,3,3,21,3,1,0,0,21
35,No,Travel_Rarely,Research & Development,3,Other,Male,4,3917,1,20,4,1,3,4,3,2,2,29
38,No,Travel_Frequently,Research & Development,3,Life Sciences,Male,4,4735,7,15,3,4,19,4,13,11,9,6
46,No,Travel_Rarely,Sales,3,Technical Degree,Female,2,16872,3,12,3,2,28,2,7,7,7,11
45,No,Travel_Rarely,Research & Development,3,Life Sciences,Male,2,2348,8,18,3,3,20,2,17,9,15,8
47,No,Travel_Rarely,Sales,4,Life Sciences,Female,4,3294,1,18,3,1,3,3,3,2,2,41
47,Yes,Non-Travel,Research & Development,4,Life Sciences,Male,2,11849,1,12,3,4,10,2,10,7,9,27
50,Yes,Travel_Frequently,Sales,4,Other,Male,3,4728,3,14,3,4,5,4,0,0,0,45
45,No,Travel_Rarely,Sales,2,Life Sciences,Female,4,17650,3,13,3,2,26,4,9,3,1,10
36,No,Travel_Rarely,Research & Development,4,Life Sciences,Female,1,8008,4,12,3,3,9,6,3,2,2,24
50,No,Travel_Rarely,Sales,3,Marketing,Male,3,19331,4,16,3,3,27,2,1,0,0,22
29,No,Travel_Rarely,Research & Development,3,Life Sciences,Male,2,2703,0,23,4,4,6,3,5,4,4,18
31,No,Non-Travel,Research & Development,2,Medical,Male,1,3065,1,13,3,4,4,3,4,2,3,23
50,No,Travel_Rarely,Research & Development,3,Technical Degree,Male,4,10496,6,15,3,4,20,2,4,3,3,26
23,Yes,Travel_Rarely,Sales,3,Life Sciences,Male,4,2275,1,21,4,2,3,2,3,2,2,17
43,No,Travel_Rarely,Research & Development,3,Life Sciences,Male,4,19740,3,14,3,2,25,2,8,7,7,10
34,No,Travel_Rarely,Sales,4,Life Sciences,Male,4,5337,1,12,3,4,10,3,10,7,7,14
42,No,Travel_Frequently,Research & Development,3,Life Sciences,Male,4,10124,2,14,3,3,24,3,20,8,9,-2
32,No,Travel_Rarely,Research & Development,4,Medical,Female,4,5055,7,16,3,3,10,0,7,7,7,15
40,No,Travel_Frequently,Research & Development,4,Life Sciences,Male,2,13503,1,22,4,4,22,3,22,3,11,-4
38,No,Travel_Frequently,Human Resources,4,Human Resources,Male,3,6077,3,11,3,3,10,2,6,3,2,22
35,No,Travel_Rarely,Sales,4,Marketing,Male,1,4312,0,14,3,2,16,2,15,13,8,4
35,No,Travel_Frequently,Research & Development,4,Medical,Male,4,4930,0,14,3,3,6,2,5,4,4,24
40,No,Travel_Rarely,Sales,4,Marketing,Male,2,9705,2,12,3,2,11,2,1,0,0,28
37,No,Travel_Frequently,Sales,4,Medical,Male,4,9525,1,14,3,3,6,2,6,3,3,25
46,No,Travel_Rarely,Research & Development,2,Life Sciences,Male,2,19081,5,11,3,1,25,2,4,2,3,17
35,No,Travel_Rarely,Research & Development,3,Other,Male,3,10221,3,21,4,2,17,3,8,5,6,10
29,No,Travel_Rarely,Research & Development,3,Medical,Female,3,4335,4,12,3,1,11,3,8,7,1,10
29,No,Travel_Frequently,Sales,2,Life Sciences,Male,4,4554,1,18,3,1,10,3,10,7,9,9
45,No,Travel_Rarely,Research & Development,2,Other,Female,4,5770,1,19,3,1,10,3,10,7,9,25
24,No,Travel_Rarely,Research & Development,3,Medical,Male,3,4401,1,16,3,4,5,1,5,3,4,14
35,No,Travel_Rarely,Research & Development,1,Medical,Female,1,2559,1,11,3,4,6,3,6,5,1,23
28,No,Travel_Rarely,Research & Development,2,Medical,Male,1,5661,0,19,3,3,9,2,8,3,7,11
28,No,Travel_Frequently,Sales,3,Life Sciences,Male,1,4898,0,14,3,4,5,5,4,2,3,19
29,Yes,Travel_Frequently,Sales,3,Technical Degree,Male,1,1091,1,17,3,4,1,3,1,0,0,27
47,No,Travel_Frequently,Research & Development,4,Medical,Male,3,5067,1,19,3,3,20,3,19,10,7,8
24,Yes,Travel_Rarely,Research & Development,2,Life Sciences,Female,2,2210,1,13,3,1,1,3,1,0,0,22
28,No,Travel_Rarely,Research & Development,3,Medical,Female,1,3591,1,25,4,3,3,3,3,2,2,22
35,No,Travel_Rarely,Research & Development,2,Other,Male,4,3681,4,14,3,4,9,3,3,2,2,23
47,Yes,Travel_Frequently,Sales,2,Life Sciences,Female,3,6397,4,12,3,4,8,2,5,4,3,34
35,No,Travel_Rarely,Research & Development,4,Life Sciences,Female,3,2506,3,13,3,3,7,0,2,2,2,26
40,No,Non-Travel,Research & Development,4,Other,Male,3,3975,3,11,3,3,11,2,8,7,7,21
36,No,Travel_Rarely,Research & Development,3,Technical Degree,Male,2,4485,4,12,3,4,10,2,8,0,7,18
50,No,Travel_Rarely,Sales,4,Medical,Female,4,19517,3,11,3,3,32,3,7,0,6,11
25,No,Travel_Rarely,Research & Development,3,Medical,Female,2,2096,1,18,3,4,2,3,2,2,1,21
39,Yes,Travel_Rarely,Sales,3,Technical Degree,Male,4,2086,3,14,3,3,19,6,1,0,0,19
41,No,Travel_Rarely,Human Resources,4,Human Resources,Male,4,19141,3,15,3,2,23,2,21,6,6,-3
40,No,Travel_Frequently,Research & Development,3,Technical Degree,Female,3,6323,1,11,3,1,10,2,10,9,4,20
22,No,Travel_Rarely,Research & Development,3,Medical,Female,4,2871,1,15,3,3,1,5,0,0,0,21
28,No,Travel_Rarely,Research & Development,1,Life Sciences,Male,2,6549,1,14,3,2,8,2,8,6,7,12
52,Yes,Travel_Rarely,Sales,3,Life Sciences,Male,2,8446,9,19,3,3,10,2,8,7,7,34
36,No,Travel_Frequently,Research & Development,3,Technical Degree,Male,2,3692,1,12,3,3,12,2,11,10,7,13
38,No,Travel_Rarely,Research & Development,4,Life Sciences,Male,4,5745,9,14,3,2,10,2,2,2,2,26
42,No,Travel_Rarely,Research & Development,4,Life Sciences,Female,1,2576,3,16,3,2,8,5,5,2,2,29
25,No,Travel_Rarely,Research & Development,3,Life Sciences,Female,3,4898,0,12,3,4,5,3,4,2,2,16
55,No,Non-Travel,Research & Development,1,Medical,Male,2,13577,1,15,3,4,34,3,33,9,0,-12
31,No,Travel_Rarely,Sales,4,Life Sciences,Female,4,5476,1,11,3,1,10,2,10,0,2,11
43,No,Travel_Rarely,Sales,3,Marketing,Female,4,16064,5,22,4,3,22,3,17,13,9,4
36,No,Travel_Frequently,Sales,3,Marketing,Female,1,4639,2,16,3,4,17,2,15,7,13,4
37,No,Travel_Rarely,Research & Development,4,Medical,Male,1,4284,5,22,4,3,16,2,5,3,4,16
43,No,Travel_Rarely,Research & Development,3,Life Sciences,Male,3,7510,1,17,3,2,10,1,10,9,9,23
42,No,Travel_Rarely,Sales,2,Medical,Female,3,6244,7,17,3,1,10,6,5,4,3,27
39,No,Travel_Frequently,Research & Development,3,Medical,Female,3,5042,0,13,3,4,10,2,9,2,8,20
34,No,Travel_Rarely,Research & Development,3,Technical Degree,Female,3,2585,0,17,3,4,2,5,1,0,0,31
37,No,Travel_Rarely,Research & Development,2,Medical,Female,4,5731,7,13,3,3,9,2,6,2,3,22
47,No,Travel_Rarely,Research & Development,4,Life Sciences,Female,3,2105,4,12,3,3,7,2,2,2,0,38
51,No,Travel_Rarely,Research & Development,3,Life Sciences,Male,3,19537,7,13,3,3,23,5,20,18,15,8
22,No,Travel_Rarely,Research & Development,3,Life Sciences,Male,2,2328,1,16,3,1,4,2,4,2,2,14
34,No,Travel_Rarely,Research & Development,2,Medical,Male,2,4325,1,15,3,3,5,2,5,2,3,24
38,No,Travel_Rarely,Research & Development,2,Life Sciences,Female,2,12061,3,17,3,3,19,2,10,8,1,9
23,No,Travel_Rarely,Research & Development,2,Other,Male,4,2647,1,13,3,3,5,6,5,2,4,13
31,No,Travel_Rarely,Sales,2,Life Sciences,Male,4,10793,1,18,3,1,13,5,13,7,9,5
34,No,Travel_Rarely,Research & Development,3,Medical,Female,2,8621,1,14,3,2,9,3,8,7,7,17
27,No,Travel_Rarely,Research & Development,2,Medical,Male,2,3816,1,11,3,2,5,2,5,2,4,17
42,No,Travel_Rarely,Research & Development,2,Medical,Male,1,17665,0,17,3,4,23,3,22,6,7,-3
34,No,Travel_Rarely,Sales,3,Technical Degree,Female,3,2579,1,18,3,4,8,3,8,2,6,18
34,No,Travel_Rarely,Sales,2,Life Sciences,Female,1,6500,5,17,3,2,6,1,3,2,2,25
34,No,Non-Travel,Research & Development,1,Technical Degree,Female,3,2029,1,20,4,3,5,2,5,4,0,24
48,No,Travel_Rarely,Sales,4,Life Sciences,Female,3,6439,8,14,3,3,18,2,8,7,7,22
34,No,Travel_Rarely,Sales,2,Technical Degree,Male,3,6799,1,21,4,3,10,5,10,8,8,14
40,Yes,Travel_Rarely,Research & Development,4,Life Sciences,Male,1,2018,3,14,3,2,15,3,5,4,0,20
35,No,Travel_Rarely,Research & Development,4,Medical,Female,3,6142,3,16,3,3,10,4,5,2,4,20
29,No,Travel_Rarely,Research & Development,3,Life Sciences,Male,4,2340,1,19,3,1,6,1,6,5,5,17
30,No,Travel_Frequently,Research & Development,3,Medical,Female,3,2083,1,20,4,3,1,2,1,0,0,28
43,No,Non-Travel,Research & Development,3,Medical,Male,4,2089,4,14,3,4,7,3,5,4,2,31
48,No,Travel_Frequently,Research & Development,5,Medical,Male,4,15202,2,25,4,2,23,3,2,2,2,23
36,No,Travel_Rarely,Research & Development,3,Life Sciences,Female,3,2543,4,13,3,2,6,3,2,2,2,28
47,No,Travel_Rarely,Research & Development,3,Life Sciences,Female,2,10333,8,12,3,3,28,4,22,11,10,-3
36,No,Non-Travel,Sales,5,Medical,Female,4,6653,4,15,3,2,7,6,1,0,0,28
31,No,Travel_Rarely,Human Resources,3,Human Resources,Male,1,6410,3,12,3,4,9,1,2,2,0,20
40,No,Travel_Rarely,Research & Development,2,Medical,Male,4,2741,8,15,3,3,15,2,7,2,7,18
28,Yes,Travel_Rarely,Research & Development,3,Technical Degree,Male,4,2367,5,12,3,1,6,2,4,1,3,18
29,No,Non-Travel,Sales,3,Life Sciences,Male,3,4649,1,14,3,1,4,3,4,3,2,21
29,No,Travel_Rarely,Research & Development,5,Other,Male,4,3983,0,17,3,3,4,2,3,2,2,22
46,No,Travel_Rarely,Sales,3,Marketing,Female,4,9071,2,19,3,3,15,3,3,2,2,28
49,Yes,Travel_Frequently,Research & Development,2,Life Sciences,Male,1,4284,3,20,4,1,20,2,4,3,3,25
21,No,Travel_Rarely,Research & Development,1,Technical Degree,Female,2,2070,1,11,3,3,2,6,2,2,2,17
31,No,Travel_Rarely,Research & Development,4,Life Sciences,Male,4,2695,0,18,3,2,3,2,2,2,2,26
26,No,Travel_Frequently,Research & Development,3,Life Sciences,Female,2,6397,1,20,4,1,6,6,6,5,4,14
30,No,Travel_Rarely,Research & Development,2,Life Sciences,Female,1,11416,0,12,3,3,9,4,8,7,7,13
42,No,Travel_Rarely,Human Resources,3,Human Resources,Female,1,16799,0,14,3,3,21,5,20,7,9,1
42,No,Non-Travel,Research & Development,2,Life Sciences,Male,3,4332,1,12,3,4,20,2,20,9,7,2
30,No,Travel_Frequently,Research & Development,4,Life Sciences,Male,4,3761,9,12,3,2,10,3,5,4,3,15
30,No,Travel_Rarely,Research & Development,4,Life Sciences,Male,3,3491,1,13,3,1,10,4,10,7,9,10
32,No,Travel_Rarely,Sales,2,Technical Degree,Female,2,5228,1,11,3,4,13,2,13,12,9,6
23,Yes,Travel_Frequently,Sales,3,Marketing,Male,1,1790,1,19,3,1,1,3,1,0,0,21
29,No,Travel_Rarely,Research & Development,3,Life Sciences,Male,3,2451,6,18,3,1,5,2,1,0,0,23
42,No,Travel_Rarely,Research & Development,4,Medical,Female,2,2372,6,16,3,4,18,2,1,0,0,23
45,No,Travel_Rarely,Research & Development,4,Other,Male,4,3697,9,14,3,1,12,3,10,9,8,23
44,No,Travel_Rarely,Research & Development,4,Other,Male,4,4541,1,25,4,2,20,3,20,11,17,4
31,Yes,Travel_Frequently,Research & Development,3,Life Sciences,Male,4,3722,6,13,3,3,7,2,2,2,2,22
24,No,Travel_Rarely,Research & Development,2,Other,Male,2,2127,1,21,4,4,1,2,1,0,0,22
30,No,Travel_Rarely,Research & Development,3,Life Sciences,Male,3,3833,3,21,4,3,7,2,2,2,2,21
36,No,Travel_Rarely,Research & Development,4,Other,Female,2,6962,4,22,4,4,15,2,1,0,0,20
49,Yes,Travel_Rarely,Sales,3,Marketing,Female,4,7654,1,18,3,1,9,3,9,8,7,31
27,No,Non-Travel,Research & Development,3,Medical,Male,2,2024,6,18,3,4,6,1,2,2,2,19
24,No,Travel_Rarely,Research & Development,1,Medical,Male,1,3907,1,13,3,2,6,2,6,2,2,12
23,No,Travel_Rarely,Research & Development,1,Medical,Male,3,3505,1,18,3,4,2,3,2,2,2,19
42,No,Travel_Rarely,Sales,4,Marketing,Male,2,6825,0,11,3,4,10,2,9,7,2,23
40,No,Travel_Frequently,Research & Development,3,Medical,Female,2,5605,1,11,3,1,20,2,20,7,13,0
40,No,Non-Travel,Research & Development,5,Life Sciences,Male,4,4876,9,14,3,4,5,5,3,2,2,32
37,No,Travel_Rarely,Research & Development,4,Life Sciences,Male,3,5993,1,18,3,3,7,2,7,5,7,23
28,No,Travel_Frequently,Sales,2,Life Sciences,Male,4,6834,1,12,3,3,7,2,7,7,7,14
26,Yes,Travel_Rarely,Research & Development,3,Life Sciences,Male,3,2293,1,12,3,3,1,2,1,0,1,24
31,No,Travel_Rarely,Sales,2,Medical,Female,4,6583,2,11,3,4,8,2,5,2,4,18
38,No,Travel_Rarely,Sales,4,Life Sciences,Male,4,6861,8,12,3,3,19,1,1,0,0,18
41,No,Travel_Rarely,Research & Development,4,Life Sciences,Female,2,13570,0,23,4,3,21,3,20,7,10,0
20,No,Travel_Rarely,Research & Development,3,Life Sciences,Male,3,3033,1,12,3,1,2,2,2,2,2,16
29,No,Travel_Rarely,Sales,2,Marketing,Male,4,6931,2,14,3,4,10,2,3,2,2,16
33,No,Travel_Rarely,Research & Development,5,Medical,Female,3,16184,4,19,3,3,10,2,6,1,5,17
35,Yes,Travel_Frequently,Sales,4,Marketing,Female,3,4614,0,18,3,3,5,0,4,2,2,26
36,No,Travel_Rarely,Sales,4,Marketing,Female,2,9278,3,16,3,4,15,3,5,4,1,16
51,No,Travel_Rarely,Sales,4,Marketing,Female,3,16307,2,14,3,3,29,2,20,6,17,2
41,No,Non-Travel,Human Resources,3,Human Resources,Male,2,6430,6,19,3,2,10,4,3,2,2,28
27,No,Travel_Frequently,Sales,1,Marketing,Male,4,4342,0,19,3,2,5,3,4,2,1,18
33,No,Travel_Frequently,Research & Development,4,Life Sciences,Female,3,2909,1,11,3,3,8,3,8,7,0,17
31,Yes,Travel_Frequently,Research & Development,3,Medical,Male,3,2610,1,12,3,3,2,5,2,2,2,27
53,Yes,Travel_Rarely,Research & Development,5,Technical Degree,Female,4,10169,0,16,3,2,34,4,33,7,9,-14
49,No,Travel_Rarely,Research & Development,2,Other,Female,2,7403,4,11,3,3,29,3,26,9,7,-6
31,No,Non-Travel,Research & Development,4,Medical,Male,3,4345,0,12,3,4,6,2,5,4,4,20
52,No,Non-Travel,Research & Development,4,Medical,Male,4,4258,0,18,3,1,5,3,4,3,2,43
42,Yes,Travel_Frequently,Research & Development,3,Medical,Male,3,2759,6,12,3,4,7,2,2,2,2,33
29,Yes,Travel_Rarely,Research & Development,3,Technical Degree,Female,3,3339,3,13,3,1,10,2,7,7,7,12
37,No,Travel_Rarely,Research & Development,2,Medical,Female,1,3920,2,14,3,1,17,2,3,1,2,17
43,No,Travel_Frequently,Research & Development,3,Life Sciences,Female,1,10820,8,11,3,3,18,1,8,7,1,17
29,No,Travel_Rarely,Research & Development,1,Medical,Male,1,4723,1,18,3,4,10,3,10,9,5,9
31,No,Travel_Rarely,Research & Development,3,Life Sciences,Male,3,4197,1,11,3,1,10,2,10,8,2,11
36,No,Non-Travel,Research & Development,4,Life Sciences,Female,2,5674,7,15,3,3,11,3,9,8,8,16
44,No,Non-Travel,Research & Development,3,Medical,Male,3,3708,2,14,3,3,9,5,5,2,4,30
51,Yes,Travel_Rarely,Research & Development,4,Life Sciences,Male,3,2461,9,12,3,3,18,2,10,0,7,23
34,Yes,Travel_Frequently,Research & Development,4,Life Sciences,Male,1,5346,4,17,3,3,11,3,7,1,7,16
26,No,Travel_Rarely,Research & Development,4,Medical,Male,4,4420,1,22,4,2,8,2,8,7,7,10
33,No,Travel_Rarely,Research & Development,4,Life Sciences,Male,1,3143,6,19,3,2,14,1,10,8,6,9
18,No,Non-Travel,Research & Development,2,Life Sciences,Male,4,1051,1,15,3,4,0,2,0,0,0,18
25,No,Travel_Rarely,Research & Development,3,Technical Degree,Male,4,3229,4,11,3,2,7,2,3,2,2,15
45,No,Travel_Rarely,Research & Development,2,Technical Degree,Female,2,16704,1,11,3,3,21,2,21,6,6,3
34,No,Travel_Rarely,Research & Development,4,Technical Degree,Female,4,6687,1,11,3,4,14,2,14,11,11,6
21,No,Travel_Rarely,Sales,1,Technical Degree,Male,3,3447,1,11,3,3,3,2,3,2,2,15
44,No,Travel_Rarely,Research & Development,3,Life Sciences,Female,4,7879,1,19,3,2,9,2,8,7,7,27
22,Yes,Travel_Frequently,Research & Development,4,Life Sciences,Male,4,2853,0,11,3,2,1,5,0,0,0,21
29,No,Travel_Rarely,Research & Development,3,Life Sciences,Male,4,2201,9,16,3,4,6,4,3,2,2,20
45,No,Travel_Rarely,Sales,2,Technical Degree,Male,3,6632,0,13,3,1,9,3,8,7,1,28
40,No,Travel_Rarely,Research & Development,3,Medical,Male,3,19626,1,14,3,1,21,2,20,7,9,-1
30,No,Non-Travel,Research & Development,2,Medical,Female,3,4695,7,18,3,3,10,3,8,4,7,12
34,No,Travel_Rarely,Research & Development,4,Medical,Male,4,2972,1,13,3,3,1,4,1,0,0,32
30,No,Travel_Rarely,Sales,4,Technical Degree,Male,2,9250,3,12,3,2,9,3,4,2,3,17
40,No,Travel_Rarely,Sales,4,Medical,Male,2,19833,1,14,3,2,21,3,21,8,8,-2
35,No,Travel_Rarely,Research & Development,4,Medical,Male,3,2705,0,16,3,2,6,2,5,4,3,24
34,No,Non-Travel,Sales,3,Life Sciences,Male,3,4001,1,14,3,3,15,3,15,14,7,4
49,No,Travel_Frequently,Research & Development,1,Life Sciences,Male,4,19161,3,15,3,4,28,3,5,4,3,16
37,No,Travel_Rarely,Research & Development,2,Life Sciences,Male,2,3022,4,21,4,1,8,1,1,0,0,28
40,No,Travel_Rarely,Research & Development,3,Life Sciences,Female,3,10435,1,13,3,4,18,2,18,15,12,4
39,Yes,Travel_Rarely,Sales,2,Medical,Female,3,5238,4,18,3,1,12,3,1,0,0,26
47,No,Travel_Rarely,Sales,2,Marketing,Female,4,4537,0,22,4,1,8,2,7,6,7,32
37,No,Travel_Rarely,Sales,4,Life Sciences,Female,4,6694,2,14,3,3,8,5,1,0,0,28
23,No,Travel_Rarely,Research & Development,1,Life Sciences,Male,3,2272,0,14,3,2,5,2,4,3,2,14
40,No,Travel_Rarely,Human Resources,2,Medical,Male,4,16437,1,21,4,4,21,2,21,7,7,-2
32,Yes,Travel_Rarely,Sales,4,Marketing,Male,2,9907,7,12,3,3,7,3,2,2,2,23
32,No,Travel_Rarely,Research & Development,3,Medical,Female,2,2370,1,13,3,3,8,4,8,0,7,16
55,No,Travel_Rarely,Research & Development,3,Life Sciences,Female,4,16659,2,13,3,3,30,2,5,4,2,20
43,No,Travel_Rarely,Research & Development,4,Other,Female,3,4522,4,14,3,4,8,3,5,2,2,30
44,No,Non-Travel,Research & Development,3,Medical,Male,2,2042,4,12,3,3,17,3,3,2,2,24
54,No,Travel_Rarely,Research & Development,2,Medical,Male,1,19406,4,11,3,3,24,4,4,2,2,26
34,No,Travel_Rarely,Research & Development,4,Medical,Female,1,4381,1,11,3,3,6,3,6,5,3,22
25,No,Travel_Rarely,Human Resources,3,Human Resources,Female,2,2187,4,14,3,3,6,3,2,0,2,17
35,No,Travel_Rarely,Research & Development,3,Life Sciences,Female,2,11996,7,18,3,2,10,6,7,7,2,18
33,No,Travel_Frequently,Sales,3,Medical,Male,1,4373,0,14,3,1,5,2,4,3,3,24
32,No,Travel_Rarely,Sales,4,Marketing,Female,4,10422,1,19,3,3,14,3,14,10,7,4
36,No,Travel_Rarely,Research & Development,4,Life Sciences,Male,3,5347,6,14,3,2,10,2,3,2,2,23
30,No,Travel_Rarely,Sales,1,Life Sciences,Male,3,5301,8,15,3,3,4,2,2,1,2,24
27,No,Travel_Rarely,Sales,3,Medical,Female,4,2534,8,14,3,2,5,4,1,0,0,21
35,No,Travel_Rarely,Research & Development,3,Life Sciences,Male,3,4230,0,15,3,3,6,2,5,4,3,24
29,No,Travel_Rarely,Research & Development,4,Medical,Female,1,3785,1,14,3,2,5,3,5,4,4,19
35,Yes,Travel_Rarely,Research & Development,3,Life Sciences,Female,1,2074,1,12,3,4,1,2,1,0,0,33
28,No,Travel_Rarely,Sales,3,Medical,Female,2,2856,1,19,3,4,1,3,1,0,0,26
43,No,Travel_Frequently,Research & Development,3,Medical,Female,3,4739,4,12,3,4,18,2,3,2,2,22
46,No,Travel_Rarely,Sales,4,Life Sciences,Male,1,17567,1,15,3,2,27,5,26,0,12,-7
34,No,Travel_Frequently,Human Resources,3,Life Sciences,Male,2,4490,4,11,3,4,14,5,10,9,8,10
20,Yes,Travel_Rarely,Sales,3,Medical,Female,3,2044,1,13,3,4,2,3,2,2,2,16
37,No,Travel_Rarely,Research & Development,4,Medical,Male,3,13664,4,13,3,1,16,3,5,2,2,16
36,No,Travel_Rarely,Research & Development,3,Medical,Male,3,5237,6,13,3,2,17,3,7,7,7,12
39,No,Travel_Rarely,Human Resources,3,Life Sciences,Female,4,5204,8,11,3,3,13,2,5,4,4,21
54,No,Travel_Rarely,Research & Development,5,Medical,Female,3,17426,3,25,4,3,36,6,10,8,7,8
31,No,Travel_Rarely,Research & Development,4,Life Sciences,Female,4,4424,1,23,4,4,11,2,11,7,8,9
38,No,Travel_Frequently,Research & Development,3,Medical,Female,2,2133,1,16,3,3,20,3,20,11,7,-2
36,No,Non-Travel,Research & Development,3,Life Sciences,Female,1,11713,9,14,3,1,10,2,8,7,5,18
38,No,Travel_Rarely,Research & Development,3,Technical Degree,Female,1,13582,1,13,3,2,15,3,15,12,11,8
55,No,Travel_Rarely,Sales,2,Life Sciences,Male,4,10239,3,14,3,4,24,4,1,0,0,30
35,Yes,Travel_Frequently,Sales,4,Other,Male,4,4581,3,24,4,1,13,2,11,9,7,11
28,No,Travel_Rarely,Research & Development,4,Medical,Male,1,3196,1,12,3,3,6,2,6,5,3,16
40,No,Travel_Rarely,Research & Development,3,Medical,Female,3,3448,6,22,4,2,20,3,1,0,0,19
30,No,Non-Travel,Research & Development,1,Life Sciences,Male,3,8474,1,22,4,3,12,2,11,8,8,7
40,No,Travel_Rarely,Research & Development,2,Life Sciences,Female,1,6516,2,16,3,2,18,3,1,0,0,21
40,No,Travel_Rarely,Research & Development,2,Life Sciences,Female,1,3377,4,17,3,4,7,5,4,3,2,29
27,No,Travel_Frequently,Research & Development,3,Medical,Male,4,2580,2,13,3,3,6,0,4,2,2,17
29,Yes,Travel_Rarely,Research & Development,4,Medical,Male,4,4787,9,14,3,2,4,3,2,2,2,23
40,No,Non-Travel,Sales,3,Other,Male,1,10932,3,15,3,3,20,2,1,0,1,19
31,No,Travel_Rarely,Research & Development,4,Life Sciences,Male,4,5915,3,22,4,4,10,3,7,7,7,14
42,No,Travel_Rarely,Research & Development,2,Other,Male,4,19613,8,22,4,4,24,2,1,0,1,17
39,No,Travel_Rarely,Sales,3,Medical,Male,3,8237,2,11,3,1,11,3,7,6,6,21
26,No,Travel_Rarely,Research & Development,3,Life Sciences,Female,4,2886,1,22,4,2,3,3,3,2,2,20
37,Yes,Travel_Rarely,Research & Development,2,Medical,Female,2,4777,5,15,3,1,15,2,1,0,0,21
32,No,Travel_Rarely,Research & Development,3,Life Sciences,Female,3,6162,1,12,3,3,14,3,14,13,8,4
49,No,Travel_Rarely,Research & Development,3,Life Sciences,Male,3,15379,4,14,3,1,23,2,8,7,0,18
40,No,Travel_Rarely,Research & Development,3,Life Sciences,Female,4,7945,6,15,3,4,18,2,4,2,3,18
22,Yes,Travel_Rarely,Research & Development,1,Life Sciences,Female,3,4171,0,19,3,1,4,3,3,2,2,15
19,Yes,Travel_Rarely,Sales,1,Marketing,Male,3,1675,1,19,3,4,0,2,0,0,0,19
25,No,Travel_Rarely,Research & Development,1,Other,Male,3,3977,6,19,3,3,7,2,2,2,2,16
46,No,Non-Travel,Sales,2,Life Sciences,Male,2,7991,8,15,3,3,6,3,2,2,2,38
35,No,Travel_Rarely,Research & Development,4,Medical,Male,3,2258,6,12,3,2,10,2,8,0,7,17
41,No,Non-Travel,Sales,2,Medical,Male,2,6151,1,13,3,1,19,4,19,2,9,3
43,No,Travel_Rarely,Research & Development,3,Technical Degree,Male,2,4876,5,12,3,3,8,0,6,4,2,29
34,No,Non-Travel,Sales,4,Marketing,Female,3,6538,9,15,3,1,6,3,3,2,2,25
49,No,Travel_Frequently,Sales,3,Medical,Male,2,5390,2,14,3,4,17,3,9,6,8,23
18,Yes,Non-Travel,Research & Development,1,Medical,Male,3,1904,1,12,3,4,0,0,0,0,0,18
40,No,Non-Travel,Research & Development,2,Life Sciences,Male,4,4069,3,18,3,3,8,2,2,2,2,30
28,Yes,Travel_Rarely,Research & Development,4,Medical,Male,4,3464,5,13,3,4,5,4,3,2,2,20
35,No,Travel_Rarely,Sales,5,Marketing,Male,2,7295,1,13,3,1,10,3,10,8,6,15
19,No,Travel_Rarely,Research & Development,2,Life Sciences,Male,1,2552,1,25,4,3,1,4,1,1,0,17
33,No,Travel_Rarely,Sales,5,Marketing,Male,3,8380,0,14,3,4,10,3,9,8,8,14
40,No,Travel_Rarely,Research & Development,1,Medical,Female,3,6377,5,20,4,2,15,0,12,11,8,13
33,No,Non-Travel,Sales,3,Life Sciences,Female,4,5368,1,25,4,3,7,2,6,5,2,20
39,No,Non-Travel,Research & Development,2,Life Sciences,Male,3,10920,3,21,4,2,13,2,6,4,5,20
35,No,Travel_Rarely,Research & Development,3,Life Sciences,Female,3,10685,1,20,4,2,17,2,17,14,15,1
38,No,Travel_Frequently,Research & Development,3,Life Sciences,Male,1,6288,2,15,3,3,13,3,4,3,2,21
36,No,Travel_Frequently,Research & Development,2,Medical,Male,4,2571,4,17,3,3,17,3,5,2,3,14
45,No,Travel_Frequently,Research & Development,3,Medical,Female,2,18061,3,22,4,3,22,4,0,0,0,23
32,Yes,Travel_Rarely,Research & Development,3,Medical,Female,1,4200,7,22,4,1,10,2,5,4,4,17
32,No,Travel_Frequently,Research & Development,3,Life Sciences,Male,2,2794,1,20,4,3,5,3,5,1,3,22
28,No,Travel_Rarely,Research & Development,3,Medical,Male,4,2713,1,11,3,3,5,2,5,2,2,18
59,No,Travel_Rarely,Research & Development,3,Life Sciences,Female,4,13726,3,13,3,1,30,4,5,3,3,24
41,No,Travel_Frequently,Sales,3,Marketing,Female,1,4103,0,17,3,4,10,2,9,3,7,22
43,No,Travel_Frequently,Sales,3,Life Sciences,Male,4,6804,3,18,3,3,7,5,2,2,2,34
30,No,Travel_Frequently,Research & Development,4,Technical Degree,Female,1,4968,0,16,3,4,10,2,9,7,7,11
36,No,Non-Travel,Sales,4,Marketing,Male,4,5406,1,24,4,1,15,4,15,12,11,6
49,No,Travel_Rarely,Sales,4,Marketing,Female,4,4507,3,12,3,3,8,1,5,1,4,36
37,No,Travel_Frequently,Sales,2,Medical,Female,4,2973,5,15,3,2,10,3,5,4,0,22
47,No,Travel_Rarely,Research & Development,2,Medical,Female,4,5070,5,13,3,3,20,2,5,0,4,22
48,No,Travel_Rarely,Sales,5,Marketing,Female,4,4051,2,14,3,1,14,2,9,7,7,25
45,No,Non-Travel,Sales,3,Marketing,Male,1,4385,1,15,3,1,10,2,10,7,5,25
35,No,Non-Travel,Research & Development,4,Life Sciences,Female,1,5093,2,11,3,1,16,2,1,0,0,18
57,No,Travel_Rarely,Research & Development,2,Life Sciences,Male,3,4900,0,24,4,1,13,2,12,9,8,32
33,No,Travel_Rarely,Research & Development,4,Medical,Female,2,3838,8,11,3,4,8,5,5,4,2,20
55,No,Travel_Rarely,Research & Development,3,Technical Degree,Male,2,3537,5,12,3,4,8,1,4,2,2,43
36,No,Non-Travel,Research & Development,4,Medical,Female,3,4374,0,15,3,3,4,6,3,2,2,29
31,No,Travel_Rarely,Research & Development,4,Technical Degree,Male,4,4821,0,12,3,3,6,4,5,2,3,20
22,Yes,Travel_Frequently,Research & Development,1,Technical Degree,Male,3,3894,5,16,3,3,4,3,2,2,2,16
52,No,Non-Travel,Sales,4,Life Sciences,Male,3,19068,1,18,3,4,33,2,33,7,12,-14
42,No,Non-Travel,Human Resources,5,Medical,Male,1,6272,7,16,3,1,10,3,4,3,3,28
32,Yes,Travel_Frequently,Research & Development,1,Life Sciences,Female,1,3919,1,22,4,2,10,5,10,2,7,12
36,No,Non-Travel,Sales,4,Life Sciences,Male,1,7587,1,15,3,2,10,1,10,7,9,16
37,No,Travel_Rarely,Research & Development,3,Medical,Male,4,4285,1,17,3,1,10,2,10,8,7,17
33,Yes,Travel_Rarely,Research & Development,2,Life Sciences,Female,1,2707,7,20,4,1,13,3,9,7,7,11
29,No,Travel_Rarely,Research & Development,4,Life Sciences,Female,1,9980,1,11,3,3,10,1,10,9,8,9
27,Yes,Travel_Frequently,Human Resources,3,Human Resources,Female,2,2863,1,12,3,1,1,2,1,0,0,25
32,No,Travel_Rarely,Sales,4,Medical,Male,3,5010,1,16,3,1,12,0,11,8,7,9
49,No,Travel_Rarely,Research & Development,4,Other,Female,2,16413,3,16,3,2,27,2,4,2,2,18
54,No,Travel_Rarely,Research & Development,3,Life Sciences,Male,4,17779,3,14,3,1,36,2,10,9,9,8
54,No,Non-Travel,Human Resources,3,Human Resources,Female,4,17328,2,12,3,3,23,3,5,3,4,26
38,No,Travel_Rarely,Sales,4,Marketing,Female,4,4028,0,20,4,1,8,2,7,7,5,23
35,No,Travel_Rarely,Sales,3,Marketing,Male,2,8020,0,15,3,3,12,3,11,9,9,12
30,No,Travel_Rarely,Sales,3,Marketing,Female,3,6118,1,13,3,3,10,2,10,9,2,10
42,No,Travel_Frequently,Sales,3,Marketing,Female,2,13525,5,14,3,4,23,2,20,4,8,-1
33,No,Non-Travel,Sales,3,Marketing,Female,2,5147,8,15,3,4,13,2,11,7,7,9
36,No,Travel_Frequently,Human Resources,1,Human Resources,Male,4,3886,1,21,4,4,10,2,10,1,8,16
31,No,Travel_Frequently,Research & Development,4,Medical,Male,3,13675,9,12,3,1,9,3,2,2,2,20
37,No,Travel_Rarely,Sales,3,Life Sciences,Male,4,7428,2,12,3,1,12,3,5,3,3,20
35,No,Travel_Frequently,Research & Development,4,Life Sciences,Male,3,4249,1,11,3,2,9,3,9,6,1,17
26,Yes,Travel_Frequently,Human Resources,4,Life Sciences,Female,3,2741,0,11,3,2,8,2,7,7,0,11
50,No,Travel_Rarely,Research & Development,1,Medical,Male,3,3221,1,11,3,3,20,3,20,8,8,10
36,No,Travel_Rarely,Sales,4,Marketing,Female,4,6652,4,13,3,1,8,2,6,3,0,22
26,Yes,Travel_Rarely,Sales,4,Marketing,Male,4,5828,1,12,3,2,8,0,8,7,4,10
44,No,Travel_Rarely,Research & Development,3,Life Sciences,Male,1,16328,3,13,3,3,24,1,20,6,17,0
28,Yes,Travel_Rarely,Sales,2,Marketing,Female,3,9854,3,11,3,4,6,0,2,0,2,20
29,No,Travel_Frequently,Research & Development,1,Life Sciences,Male,4,8853,1,19,3,4,6,0,6,4,3,17
38,No,Travel_Rarely,Research & Development,3,Medical,Female,3,9824,3,19,3,3,18,4,1,0,0,19
30,No,Travel_Rarely,Research & Development,1,Life Sciences,Male,3,2693,1,22,4,2,1,2,1,0,0,28
44,No,Travel_Rarely,Sales,3,Medical,Female,4,13320,3,18,3,3,23,2,12,11,11,9
52,No,Travel_Rarely,Research & Development,3,Life Sciences,Female,4,3212,7,15,3,2,6,3,2,2,2,44
43,Yes,Travel_Rarely,Sales,3,Marketing,Female,3,5346,8,13,3,2,7,2,4,3,3,32
46,No,Travel_Rarely,Research & Development,4,Medical,Male,4,19328,7,17,3,3,24,3,2,1,2,20
32,No,Non-Travel,Research & Development,4,Technical Degree,Male,2,2718,2,14,3,2,12,3,7,7,7,13
24,No,Non-Travel,Sales,2,Life Sciences,Female,2,2033,1,13,3,3,1,2,1,0,0,22
34,No,Travel_Rarely,Research & Development,2,Life Sciences,Male,4,3622,1,13,3,4,6,3,6,5,3,22
50,No,Travel_Rarely,Sales,4,Marketing,Male,2,3875,7,15,3,4,4,2,2,2,2,44
35,No,Travel_Rarely,Research & Development,4,Medical,Male,3,5098,1,19,3,2,10,5,10,7,8,15
34,No,Travel_Frequently,Research & Development,4,Technical Degree,Male,3,5063,1,14,3,2,8,3,8,2,7,18
32,No,Travel_Frequently,Research & Development,2,Life Sciences,Male,4,3068,0,13,3,3,8,2,7,7,6,17
56,Yes,Travel_Rarely,Research & Development,2,Technical Degree,Male,3,2339,8,11,3,4,14,4,10,9,8,32
36,No,Travel_Rarely,Sales,4,Marketing,Female,1,5647,4,13,3,1,11,3,3,2,2,22
41,No,Travel_Rarely,Sales,4,Life Sciences,Male,2,16015,1,19,3,2,22,2,22,10,4,-3
38,No,Travel_Rarely,Research & Development,3,Technical Degree,Male,4,6261,3,18,3,1,9,3,7,7,7,22
48,No,Travel_Rarely,Research & Development,4,Medical,Male,3,2259,4,17,3,1,13,2,0,0,0,35
40,No,Travel_Rarely,Research & Development,4,Medical,Female,3,2001,2,14,3,2,20,2,5,3,2,15
26,No,Travel_Frequently,Research & Development,2,Medical,Male,1,4741,1,13,3,3,5,3,5,3,3,16
51,No,Travel_Frequently,Sales,3,Life Sciences,Male,2,19847,4,24,4,1,31,5,29,10,10,-9
52,No,Travel_Rarely,Research & Development,4,Other,Female,1,2950,9,13,3,3,12,2,5,4,4,35
48,No,Travel_Frequently,Research & Development,3,Medical,Female,4,17174,3,11,3,2,24,3,22,17,7,2
29,Yes,Travel_Rarely,Research & Development,5,Technical Degree,Female,2,2546,5,16,3,2,6,2,2,2,1,21
27,No,Travel_Rarely,Research & Development,3,Other,Male,1,4066,1,11,3,1,7,3,7,7,7,13
30,Yes,Travel_Rarely,Research & Development,3,Life Sciences,Female,3,2132,4,11,3,2,7,2,5,2,1,18
35,No,Travel_Rarely,Sales,3,Marketing,Female,4,2014,1,13,3,1,2,3,2,2,2,31
59,No,Travel_Rarely,Research & Development,3,Medical,Female,1,2670,4,20,4,1,12,3,1,0,0,46
39,No,Travel_Rarely,Research & Development,4,Medical,Female,2,17123,6,13,3,4,21,4,19,9,2,-1
38,No,Travel_Rarely,Human Resources,3,Human Resources,Male,3,2844,1,13,3,4,7,2,7,6,0,24
40,No,Travel_Frequently,Sales,4,Medical,Male,2,4327,5,12,3,4,5,2,0,0,0,35
32,No,Travel_Frequently,Research & Development,3,Life Sciences,Male,3,3433,6,13,3,1,10,3,5,2,3,17
25,No,Travel_Rarely,Sales,1,Medical,Female,4,6180,1,23,4,2,6,5,6,5,4,13
39,No,Travel_Frequently,Research & Development,1,Life Sciences,Male,3,19197,1,14,3,3,21,3,21,8,6,-3
29,No,Travel_Rarely,Research & Development,2,Life Sciences,Male,3,2700,1,24,4,3,10,3,10,7,7,9
34,No,Travel_Frequently,Research & Development,1,Life Sciences,Male,4,7756,0,17,3,3,7,1,6,2,4,21
26,No,Travel_Rarely,Research & Development,3,Life Sciences,Female,4,2659,1,13,3,3,3,2,3,2,2,20
42,No,Travel_Frequently,Research & Development,2,Other,Male,3,2093,4,17,3,4,8,4,2,2,0,32
22,No,Travel_Rarely,Research & Development,1,Medical,Male,3,2773,0,20,4,4,3,3,2,2,2,17
32,Yes,Travel_Rarely,Sales,2,Life Sciences,Male,2,6735,6,15,3,2,10,2,0,0,0,22
31,No,Travel_Rarely,Research & Development,4,Life Sciences,Male,2,2657,0,16,3,4,3,5,2,2,2,26
49,No,Travel_Rarely,Research & Development,2,Medical,Female,1,4789,4,25,4,1,10,3,3,2,2,36
30,No,Travel_Frequently,Research & Development,3,Life Sciences,Male,3,2613,1,25,4,3,10,2,10,7,9,10
49,No,Travel_Frequently,Research & Development,1,Life Sciences,Male,2,5130,1,23,4,4,10,3,10,7,7,29
28,Yes,Travel_Rarely,Research & Development,3,Life Sciences,Male,3,2028,5,14,3,2,6,4,4,2,3,18
36,No,Non-Travel,Research & Development,4,Life Sciences,Male,4,7779,2,20,4,1,18,0,11,9,9,7
35,No,Travel_Rarely,Research & Development,3,Medical,Male,1,2450,1,19,3,2,3,3,3,0,2,29
50,No,Travel_Rarely,Research & Development,2,Medical,Female,3,18740,5,12,3,4,29,2,27,3,8,-6
33,No,Travel_Rarely,Research & Development,5,Life Sciences,Male,3,6388,2,17,3,1,14,6,0,0,0,19
55,No,Travel_Rarely,Research & Development,4,Medical,Male,2,18722,8,11,3,4,36,3,24,15,15,-5
34,No,Travel_Rarely,Sales,2,Life Sciences,Female,4,6029,5,12,3,1,6,3,2,2,2,26
46,No,Travel_Rarely,Sales,3,Life Sciences,Male,4,10368,4,12,3,2,13,5,10,6,3,23
32,No,Travel_Rarely,Research & Development,3,Technical Degree,Male,1,2439,1,14,3,4,4,4,4,2,2,24
39,No,Non-Travel,Research & Development,3,Life Sciences,Male,4,19431,2,13,3,3,21,3,6,0,3,12
36,No,Travel_Rarely,Research & Development,4,Life Sciences,Male,4,5810,1,16,3,3,10,2,10,4,8,16
